dteday,casual,registered,cnt,temp,atemp,hum,windspeed,season,yr,mnth,holiday,weekday,workingday,weathersit
2011-01-01,331,654,985.0,0.3441666666666667,0.36362500000000003,0.8058333333333333,0.16044583333333332,Spring,2011,1,0,6,0,Clear
2011-01-02,131,670,801.0,0.3634782608695652,0.35373913043478256,0.696086956521739,0.24853913043478262,Spring,2011,1,0,0,0,Misty
2011-01-03,120,1229,1349.0,0.19636363636363638,0.18940454545454546,0.43727272727272726,0.2483090909090909,Spring,2011,1,0,1,1,Clear
2011-01-04,108,1454,1562.0,0.19999999999999998,0.21212173913043478,0.5904347826086956,0.16029565217391303,Spring,2011,1,0,2,1,Clear
2011-01-05,82,1518,1600.0,0.22695652173913042,0.2292695652173913,0.43695652173913047,0.1869,Spring,2011,1,0,3,1,Clear
2011-01-06,88,1518,1606.0,0.20434782608695654,0.23320869565217392,0.5182608695652174,0.08956521739130435,Spring,2011,1,0,4,1,Clear
2011-01-07,148,1362,1510.0,0.1965217391304348,0.2088391304347826,0.498695652173913,0.16872608695652175,Spring,2011,1,0,5,1,Misty
2011-01-08,68,891,959.0,0.165,0.16225416666666667,0.5358333333333333,0.2668041666666667,Spring,2011,1,0,6,0,Misty
2011-01-09,54,768,822.0,0.13833333333333334,0.11617499999999999,0.43416666666666665,0.36195,Spring,2011,1,0,0,0,Clear
2011-01-10,41,1280,1321.0,0.15083333333333335,0.1508875,0.48291666666666666,0.2232666666666667,Spring,2011,1,0,1,1,Clear
2011-01-11,43,1220,1263.0,0.1690909090909091,0.19146363636363636,0.6863636363636364,0.12213181818181819,Spring,2011,1,0,2,1,Clear
2011-01-12,25,1137,1162.0,0.17272727272727273,0.16047272727272727,0.5995454545454545,0.30462727272727275,Spring,2011,1,0,3,1,Misty
2011-01-13,38,1368,1406.0,0.165,0.15088333333333334,0.47041666666666665,0.301,Spring,2011,1,0,4,1,Clear
2011-01-14,54,1367,1421.0,0.16086956521739132,0.18841304347826088,0.5378260869565217,0.12654782608695653,Spring,2011,1,0,5,1,Clear
2011-01-15,222,1026,1248.0,0.2333333333333333,0.24811249999999999,0.49875,0.1579625,Spring,2011,1,0,6,0,Clear
2011-01-16,251,953,1204.0,0.2316666666666667,0.23421666666666666,0.48374999999999996,0.18843333333333334,Spring,2011,1,0,0,0,Clear
2011-01-17,117,883,1000.0,0.1758333333333333,0.17677083333333332,0.5375,0.19401666666666664,Spring,2011,1,1,1,0,Misty
2011-01-18,9,674,683.0,0.21666666666666667,0.2323333333333333,0.8616666666666667,0.14677500000000002,Spring,2011,1,0,2,1,Misty
2011-01-19,78,1572,1650.0,0.29217391304347823,0.2984217391304348,0.7417391304347826,0.20831739130434782,Spring,2011,1,0,3,1,Misty
2011-01-20,83,1844,1927.0,0.26166666666666666,0.25505,0.5383333333333333,0.19590416666666666,Spring,2011,1,0,4,1,Clear
2011-01-21,75,1468,1543.0,0.1775,0.15783333333333333,0.45708333333333334,0.3532416666666667,Spring,2011,1,0,5,1,Misty
2011-01-22,93,888,981.0,0.0591304347826087,0.07906956521739131,0.39999999999999997,0.1719695652173913,Spring,2011,1,0,6,0,Clear
2011-01-23,150,836,986.0,0.0965217391304348,0.09883913043478261,0.43652173913043474,0.2466,Spring,2011,1,0,0,0,Clear
2011-01-24,86,1330,1416.0,0.0973913043478261,0.11793043478260869,0.4917391304347826,0.1583304347826087,Spring,2011,1,0,1,1,Clear
2011-01-25,186,1799,1985.0,0.2234782608695652,0.23452608695652175,0.6169565217391304,0.12979565217391303,Spring,2011,1,0,2,1,Misty
2011-01-26,34,472,506.0,0.2175,0.2036,0.8625,0.29385,Spring,2011,1,0,3,1,Misty
2011-01-27,15,416,431.0,0.195,0.2197,0.6875,0.11383750000000001,Spring,2011,1,0,4,1,Clear
2011-01-28,38,1129,1167.0,0.2034782608695652,0.22331739130434783,0.7930434782608696,0.1233,Spring,2011,1,0,5,1,Misty
2011-01-29,123,975,1098.0,0.19652173913043477,0.21212608695652174,0.6517391304347826,0.14536521739130434,Spring,2011,1,0,6,0,Clear
2011-01-30,140,956,1096.0,0.2165217391304348,0.25032173913043476,0.7221739130434782,0.07398260869565218,Spring,2011,1,0,0,0,Clear
2011-01-31,42,1459,1501.0,0.18083333333333332,0.18625,0.60375,0.18719166666666667,Spring,2011,1,0,1,1,Misty
2011-02-01,47,1313,1360.0,0.19217391304347825,0.23453043478260868,0.8295652173913044,0.05321304347826087,Spring,2011,2,0,2,1,Misty
2011-02-02,72,1454,1526.0,0.26,0.2544166666666667,0.7754166666666666,0.2643083333333333,Spring,2011,2,0,3,1,Light Snow/Rain
2011-02-03,61,1489,1550.0,0.18695652173913044,0.1778782608695652,0.43782608695652175,0.27775217391304347,Spring,2011,2,0,4,1,Clear
2011-02-04,88,1620,1708.0,0.21130434782608698,0.22858695652173913,0.5852173913043479,0.12783913043478262,Spring,2011,2,0,5,1,Misty
2011-02-05,100,905,1005.0,0.2333333333333333,0.24305833333333335,0.9291666666666667,0.16107916666666666,Spring,2011,2,0,6,0,Misty
2011-02-06,354,1269,1623.0,0.28583333333333333,0.2916708333333333,0.5683333333333334,0.1418,Spring,2011,2,0,0,0,Clear
2011-02-07,120,1592,1712.0,0.27166666666666667,0.3036583333333333,0.7383333333333333,0.045408333333333335,Spring,2011,2,0,1,1,Clear
2011-02-08,64,1466,1530.0,0.22083333333333333,0.19824583333333334,0.5379166666666667,0.36195,Spring,2011,2,0,2,1,Misty
2011-02-09,53,1552,1605.0,0.13478260869565217,0.14428260869565215,0.4947826086956522,0.18883913043478262,Spring,2011,2,0,3,1,Clear
2011-02-10,47,1491,1538.0,0.14434782608695654,0.14954782608695652,0.4373913043478261,0.22193478260869565,Spring,2011,2,0,4,1,Light Snow/Rain
2011-02-11,149,1597,1746.0,0.1890909090909091,0.2135090909090909,0.5063636363636363,0.10855000000000001,Spring,2011,2,0,5,1,Clear
2011-02-12,288,1184,1472.0,0.2225,0.23295416666666666,0.5441666666666667,0.20336666666666667,Spring,2011,2,0,6,0,Clear
2011-02-13,397,1192,1589.0,0.3165217391304348,0.32411304347826086,0.45739130434782604,0.26088260869565216,Spring,2011,2,0,0,0,Clear
2011-02-14,208,1705,1913.0,0.41500000000000004,0.39835,0.3758333333333333,0.4179083333333333,Spring,2011,2,0,1,1,Clear
2011-02-15,140,1675,1815.0,0.26608695652173914,0.25427391304347824,0.31434782608695655,0.29137391304347826,Spring,2011,2,0,2,1,Clear
2011-02-16,218,1897,2115.0,0.31826086956521743,0.3162,0.42347826086956525,0.2517913043478261,Spring,2011,2,0,3,1,Clear
2011-02-17,259,2216,2475.0,0.43583333333333335,0.4286583333333333,0.505,0.23010416666666667,Spring,2011,2,0,4,1,Clear
2011-02-18,579,2348,2927.0,0.5216666666666666,0.5119833333333333,0.5166666666666667,0.264925,Spring,2011,2,0,5,1,Clear
2011-02-19,532,1103,1635.0,0.39916666666666667,0.3914041666666667,0.18791666666666665,0.5074625,Spring,2011,2,0,6,0,Clear
2011-02-20,639,1173,1812.0,0.28521739130434787,0.27733043478260866,0.40782608695652167,0.22323478260869567,Spring,2011,2,0,0,0,Clear
2011-02-21,195,912,1107.0,0.30333333333333334,0.284075,0.605,0.3078458333333333,Spring,2011,2,1,1,0,Misty
2011-02-22,74,1376,1450.0,0.18222222222222223,0.18603333333333336,0.5777777777777778,0.19568333333333332,Spring,2011,2,0,2,1,Misty
2011-02-23,139,1778,1917.0,0.2217391304347826,0.2457173913043478,0.4230434782608696,0.09411304347826087,Spring,2011,2,0,3,1,Clear
2011-02-24,100,1707,1807.0,0.2956521739130435,0.2891913043478261,0.697391304347826,0.25049565217391306,Spring,2011,2,0,4,1,Clear
2011-02-25,120,1341,1461.0,0.36434782608695654,0.3504608695652173,0.7121739130434782,0.34653913043478257,Spring,2011,2,0,5,1,Light Snow/Rain
2011-02-26,424,1545,1969.0,0.28250000000000003,0.2821916666666667,0.5379166666666667,0.18657083333333335,Spring,2011,2,0,6,0,Clear
2011-02-27,694,1708,2402.0,0.34347826086956523,0.3511086956521739,0.68,0.12524782608695653,Spring,2011,2,0,0,0,Clear
2011-02-28,81,1365,1446.0,0.4072727272727273,0.4001181818181818,0.8763636363636365,0.28968636363636363,Spring,2011,2,0,1,1,Misty
2011-03-01,137,1714,1851.0,0.26666666666666666,0.26387916666666666,0.535,0.216425,Spring,2011,3,0,2,1,Clear
2011-03-02,231,1903,2134.0,0.335,0.32007083333333336,0.4495833333333333,0.30783333333333335,Spring,2011,3,0,3,1,Clear
2011-03-03,123,1562,1685.0,0.19833333333333333,0.20013333333333336,0.3183333333333333,0.22575416666666667,Spring,2011,3,0,4,1,Clear
2011-03-04,214,1730,1944.0,0.26166666666666666,0.2556791666666666,0.6104166666666667,0.20334583333333334,Spring,2011,3,0,5,1,Misty
2011-03-05,640,1437,2077.0,0.3841666666666667,0.37877916666666667,0.7891666666666667,0.2518708333333333,Spring,2011,3,0,6,0,Misty
2011-03-06,114,491,605.0,0.3765217391304348,0.3662521739130435,0.9482608695652174,0.34328695652173913,Spring,2011,3,0,0,0,Misty
2011-03-07,244,1628,1872.0,0.26173913043478264,0.23846086956521736,0.551304347826087,0.34135217391304346,Spring,2011,3,0,1,1,Light Snow/Rain
2011-03-08,316,1817,2133.0,0.2925,0.3024,0.42083333333333334,0.12065,Spring,2011,3,0,2,1,Clear
2011-03-09,191,1700,1891.0,0.29583333333333334,0.2866083333333333,0.7754166666666666,0.22014999999999998,Spring,2011,3,0,3,1,Clear
2011-03-10,46,577,623.0,0.3890909090909091,0.3856681818181818,0.63,0.26187727272727274,Spring,2011,3,0,4,1,Light Snow/Rain
2011-03-11,247,1730,1977.0,0.3165217391304348,0.305,0.6495652173913044,0.2329695652173913,Spring,2011,3,0,5,1,Misty
2011-03-12,724,1408,2132.0,0.32916666666666666,0.32575,0.5945833333333334,0.22077500000000003,Spring,2011,3,0,6,0,Clear
2011-03-13,907,1435,2417.0,0.3843478260869565,0.3800913043478261,0.5273913043478261,0.270604347826087,Spring,2011,3,0,0,0,Clear
2011-03-14,359,1687,2046.0,0.32521739130434785,0.33199999999999996,0.4969565217391304,0.13692608695652173,Spring,2011,3,0,1,1,Clear
2011-03-15,289,1767,2056.0,0.3173913043478261,0.3181782608695652,0.6556521739130435,0.18430869565217395,Spring,2011,3,0,2,1,Clear
2011-03-16,321,1871,2192.0,0.3652173913043478,0.3669304347826087,0.7765217391304348,0.2031173913043478,Spring,2011,3,0,3,1,Light Snow/Rain
2011-03-17,424,2320,2744.0,0.41500000000000004,0.4103333333333334,0.6029166666666667,0.20957916666666665,Spring,2011,3,0,4,1,Clear
2011-03-18,884,2355,3239.0,0.54,0.5270086956521739,0.5252173913043479,0.2310173913043478,Spring,2011,3,0,5,1,Clear
2011-03-19,1157,1693,3117.0,0.4725,0.466525,0.37916666666666665,0.3681666666666667,Spring,2011,3,0,6,0,Misty
2011-03-20,952,1424,2471.0,0.3325,0.32575,0.47375000000000006,0.20772083333333335,Spring,2011,3,0,0,0,Clear
2011-03-21,401,1676,2077.0,0.43043478260869567,0.4097347826086956,0.7373913043478261,0.2887826086956522,Summer,2011,3,0,1,1,Light Snow/Rain
2011-03-22,460,2243,2703.0,0.44166666666666665,0.44064166666666665,0.6245833333333334,0.22575,Summer,2011,3,0,2,1,Clear
2011-03-23,203,1918,2121.0,0.34695652173913044,0.3379391304347826,0.8395652173913043,0.23426086956521738,Summer,2011,3,0,3,1,Light Snow/Rain
2011-03-24,166,1699,1865.0,0.285,0.2708333333333333,0.8058333333333333,0.24378750000000002,Summer,2011,3,0,4,1,Misty
2011-03-25,300,1910,2210.0,0.26416666666666666,0.2563125,0.49499999999999994,0.23072499999999999,Summer,2011,3,0,5,1,Clear
2011-03-26,977,1515,2496.0,0.2658333333333333,0.25757083333333336,0.3941666666666667,0.20957083333333335,Summer,2011,3,0,6,0,Misty
2011-03-27,472,1221,1693.0,0.2530434782608696,0.25033913043478256,0.49391304347826087,0.1843,Summer,2011,3,0,0,0,Misty
2011-03-28,222,1806,2028.0,0.2643478260869565,0.25757391304347826,0.3021739130434783,0.21220434782608696,Summer,2011,3,0,1,1,Clear
2011-03-29,317,2108,2425.0,0.3025,0.2929083333333333,0.31416666666666665,0.2269958333333333,Summer,2011,3,0,2,1,Clear
2011-03-30,168,1368,1536.0,0.3,0.29735,0.6466666666666666,0.1728875,Summer,2011,3,0,3,1,Misty
2011-03-31,179,1506,1685.0,0.26833333333333337,0.257575,0.9183333333333333,0.21764583333333332,Summer,2011,3,0,4,1,Light Snow/Rain
2011-04-01,307,1920,2227.0,0.3,0.2834541666666667,0.6862499999999999,0.2587083333333334,Summer,2011,4,0,5,1,Light Snow/Rain
2011-04-02,898,1354,2252.0,0.315,0.31563749999999996,0.6537499999999999,0.19714583333333335,Summer,2011,4,0,6,0,Misty
2011-04-03,1216,1598,3249.0,0.37833333333333335,0.3787666666666667,0.48,0.1822125,Summer,2011,4,0,0,0,Clear
2011-04-04,734,2381,3115.0,0.5733333333333334,0.5429291666666667,0.42625,0.38557083333333336,Summer,2011,4,0,1,1,Clear
2011-04-05,167,1628,1795.0,0.4141666666666666,0.39835,0.6420833333333333,0.3880666666666666,Summer,2011,4,0,2,1,Clear
2011-04-06,413,2395,2808.0,0.39083333333333337,0.38760833333333333,0.47083333333333327,0.26306250000000003,Summer,2011,4,0,3,1,Clear
2011-04-07,571,2570,3141.0,0.4375,0.43369583333333334,0.6029166666666667,0.1623125,Summer,2011,4,0,4,1,Clear
2011-04-08,172,1299,1471.0,0.3358333333333334,0.32447916666666665,0.83625,0.22699166666666667,Summer,2011,4,0,5,1,Misty
2011-04-09,865,1576,2455.0,0.3425,0.34152916666666666,0.8775,0.13308333333333333,Summer,2011,4,0,6,0,Misty
2011-04-10,1084,1707,2895.0,0.4266666666666667,0.4267375,0.8574999999999999,0.14676666666666668,Summer,2011,4,0,0,0,Misty
2011-04-11,855,2493,3348.0,0.5956521739130435,0.5652173913043478,0.7169565217391304,0.3244739130434783,Summer,2011,4,0,1,1,Clear
2011-04-12,257,1777,2034.0,0.5025000000000001,0.4930541666666666,0.7391666666666666,0.2748791666666667,Summer,2011,4,0,2,1,Misty
2011-04-13,209,1953,2162.0,0.41250000000000003,0.4172833333333334,0.8191666666666667,0.25061666666666665,Summer,2011,4,0,3,1,Misty
2011-04-14,529,2738,3267.0,0.4675,0.46274166666666666,0.5404166666666667,0.1107,Summer,2011,4,0,4,1,Clear
2011-04-15,642,2484,3126.0,0.4466666666666667,0.4419125,0.67125,0.226375,Summer,2011,4,1,5,0,Clear
2011-04-16,121,674,795.0,0.43083333333333335,0.42549166666666666,0.8883333333333333,0.3408083333333333,Summer,2011,4,0,6,0,Misty
2011-04-17,1236,2186,3744.0,0.4566666666666667,0.44569583333333335,0.4795833333333333,0.30349583333333335,Summer,2011,4,0,0,0,Misty
2011-04-18,669,2760,3429.0,0.5125000000000001,0.5031458333333333,0.5425,0.16356666666666667,Summer,2011,4,0,1,1,Clear
2011-04-19,409,2795,3204.0,0.5058333333333334,0.48925833333333335,0.6658333333333334,0.15797083333333334,Summer,2011,4,0,2,1,Clear
2011-04-20,613,3331,3944.0,0.595,0.5643916666666666,0.6141666666666666,0.24192500000000003,Summer,2011,4,0,3,1,Clear
2011-04-21,745,3444,4189.0,0.45916666666666667,0.45389166666666664,0.4070833333333333,0.32525833333333337,Summer,2011,4,0,4,1,Clear
2011-04-22,177,1506,1683.0,0.33666666666666667,0.32195416666666665,0.7295833333333334,0.2195208333333333,Summer,2011,4,0,5,1,Clear
2011-04-23,1170,2574,4036.0,0.46,0.4501208333333333,0.8879166666666666,0.23072499999999999,Summer,2011,4,0,6,0,Misty
2011-04-24,1339,2481,4191.0,0.5816666666666667,0.5517625,0.8108333333333334,0.19217499999999998,Summer,2011,4,0,0,0,Clear
2011-04-25,773,3300,4073.0,0.6066666666666667,0.5745,0.7766666666666667,0.18533333333333335,Summer,2011,4,0,1,1,Light Snow/Rain
2011-04-26,678,3722,4400.0,0.6316666666666667,0.5940833333333333,0.7291666666666666,0.3265,Summer,2011,4,0,2,1,Clear
2011-04-27,547,3325,3872.0,0.62,0.5751416666666667,0.8354166666666667,0.3122,Summer,2011,4,0,3,1,Clear
2011-04-28,569,3489,4058.0,0.6175,0.5789291666666666,0.7008333333333333,0.32090833333333335,Summer,2011,4,0,4,1,Clear
2011-04-29,878,3717,4595.0,0.51,0.4974625,0.45708333333333334,0.24006249999999998,Summer,2011,4,0,5,1,Clear
2011-04-30,1470,3347,5312.0,0.4725,0.4640208333333333,0.5033333333333333,0.235075,Summer,2011,4,0,6,0,Misty
2011-05-01,1129,2213,3351.0,0.45166666666666666,0.4482041666666667,0.7620833333333333,0.10635416666666668,Summer,2011,5,0,0,0,Clear
2011-05-02,847,3554,4401.0,0.5491666666666667,0.5328333333333334,0.73,0.18345416666666667,Summer,2011,5,0,1,1,Clear
2011-05-03,603,3848,4451.0,0.6166666666666667,0.5820791666666666,0.6970833333333334,0.3426666666666667,Summer,2011,5,0,2,1,Misty
2011-05-04,255,2378,2633.0,0.4141666666666666,0.40465,0.7370833333333334,0.3289958333333333,Summer,2011,5,0,3,1,Light Snow/Rain
2011-05-05,614,3819,4433.0,0.45916666666666667,0.4419166666666667,0.44416666666666665,0.29539166666666666,Summer,2011,5,0,4,1,Clear
2011-05-06,894,3714,4608.0,0.4791666666666667,0.4741166666666667,0.59,0.22824583333333334,Summer,2011,5,0,5,1,Clear
2011-05-07,1405,3102,4714.0,0.52,0.5126208333333333,0.54125,0.16045,Summer,2011,5,0,6,0,Clear
2011-05-08,1262,2932,4333.0,0.5283333333333333,0.5189333333333334,0.6316666666666667,0.0746375,Summer,2011,5,0,0,0,Misty
2011-05-09,664,3658,4362.0,0.5325,0.5252458333333333,0.58875,0.17600000000000002,Summer,2011,5,0,1,1,Clear
2011-05-10,694,4076,4803.0,0.5325000000000001,0.5227208333333333,0.4891666666666667,0.11567083333333333,Summer,2011,5,0,2,1,Clear
2011-05-11,550,3632,4182.0,0.5425,0.5284,0.6329166666666667,0.12064166666666666,Summer,2011,5,0,3,1,Misty
2011-05-12,695,4128,4864.0,0.535,0.5233625000000001,0.7475,0.18966666666666665,Summer,2011,5,0,4,1,Misty
2011-05-13,692,3413,4105.0,0.5125000000000001,0.4943,0.8633333333333333,0.17972500000000002,Summer,2011,5,0,5,1,Misty
2011-05-14,902,2507,3409.0,0.5208333333333334,0.5006291666666667,0.9225,0.13495,Summer,2011,5,0,6,0,Misty
2011-05-15,1261,2971,4553.0,0.5625,0.5359999999999999,0.8670833333333333,0.15297916666666667,Summer,2011,5,0,0,0,Misty
2011-05-16,773,3185,3958.0,0.5775,0.5505125,0.7879166666666667,0.12687083333333335,Summer,2011,5,0,1,1,Clear
2011-05-17,678,3423,4123.0,0.5616666666666666,0.5385291666666666,0.8379166666666666,0.2773541666666666,Summer,2011,5,0,2,1,Misty
2011-05-18,536,3319,3855.0,0.55,0.5271583333333333,0.87,0.20149166666666665,Summer,2011,5,0,3,1,Misty
2011-05-19,735,3840,4575.0,0.5308333333333334,0.5107416666666666,0.8295833333333333,0.1082125,Summer,2011,5,0,4,1,Clear
2011-05-20,909,4008,4917.0,0.5366666666666667,0.5290416666666666,0.7195833333333334,0.1250125,Summer,2011,5,0,5,1,Clear
2011-05-21,1568,3547,5805.0,0.6025,0.571975,0.6266666666666666,0.12065,Summer,2011,5,0,6,0,Clear
2011-05-22,1390,3084,4660.0,0.6041666666666666,0.5745,0.7495833333333333,0.14800833333333333,Summer,2011,5,0,0,0,Clear
2011-05-23,836,3438,4274.0,0.6316666666666667,0.5902958333333334,0.8099999999999999,0.23384166666666664,Summer,2011,5,0,1,1,Misty
2011-05-24,659,3833,4492.0,0.66,0.6048125,0.7408333333333333,0.20709166666666667,Summer,2011,5,0,2,1,Misty
2011-05-25,740,4213,4978.0,0.6608333333333333,0.6155416666666667,0.69625,0.15423333333333333,Summer,2011,5,0,3,1,Light Snow/Rain
2011-05-26,758,3919,4677.0,0.7083333333333334,0.6546875,0.6775000000000001,0.1996416666666667,Summer,2011,5,0,4,1,Clear
2011-05-27,871,3808,4679.0,0.6816666666666666,0.6370083333333333,0.6537499999999999,0.24067916666666667,Summer,2011,5,0,5,1,Clear
2011-05-28,1516,2757,4758.0,0.6558333333333334,0.6123791666666666,0.7295833333333334,0.23009166666666667,Summer,2011,5,0,6,0,Clear
2011-05-29,1669,2433,4788.0,0.6675,0.6155499999999999,0.81875,0.2139375,Summer,2011,5,0,0,0,Clear
2011-05-30,1378,2549,4098.0,0.7333333333333334,0.6710916666666668,0.6849999999999999,0.131225,Summer,2011,5,1,1,0,Clear
2011-05-31,673,3309,3982.0,0.775,0.7253833333333333,0.6366666666666666,0.11132916666666666,Summer,2011,5,0,2,1,Clear
2011-06-01,513,3461,3974.0,0.7641666666666667,0.7209666666666666,0.6770833333333334,0.20709166666666667,Summer,2011,6,0,3,1,Clear
2011-06-02,736,4232,4968.0,0.715,0.6439416666666666,0.305,0.2922875,Summer,2011,6,0,4,1,Clear
2011-06-03,898,4414,5312.0,0.62,0.5871333333333333,0.3541666666666667,0.25312083333333335,Summer,2011,6,0,5,1,Clear
2011-06-04,1512,3473,5342.0,0.635,0.5946958333333333,0.45625,0.12314166666666666,Summer,2011,6,0,6,0,Clear
2011-06-05,1489,3221,4906.0,0.6483333333333333,0.6168041666666667,0.6525,0.13869166666666669,Summer,2011,6,0,0,0,Clear
2011-06-06,673,3857,4548.0,0.6783333333333333,0.6218583333333333,0.6,0.12189583333333333,Summer,2011,6,0,1,1,Clear
2011-06-07,763,4070,4833.0,0.7075,0.6559499999999999,0.5979166666666667,0.18780833333333333,Summer,2011,6,0,2,1,Clear
2011-06-08,676,3725,4401.0,0.7758333333333334,0.7272791666666666,0.6220833333333333,0.13681666666666667,Summer,2011,6,0,3,1,Clear
2011-06-09,563,3352,3915.0,0.8083333333333332,0.7575791666666666,0.5683333333333334,0.14988333333333334,Summer,2011,6,0,4,1,Misty
2011-06-10,815,3771,4586.0,0.755,0.7032916666666668,0.605,0.14055416666666667,Summer,2011,6,0,5,1,Light Snow/Rain
2011-06-11,1526,3237,4966.0,0.725,0.6780375,0.6545833333333334,0.15485000000000002,Summer,2011,6,0,6,0,Clear
2011-06-12,1353,2993,4460.0,0.6925,0.643325,0.7479166666666667,0.16356666666666667,Summer,2011,6,0,0,0,Clear
2011-06-13,863,4116,5020.0,0.635,0.6016541666666667,0.4945833333333333,0.30535,Summer,2011,6,0,1,1,Clear
2011-06-14,727,4164,4891.0,0.6041666666666666,0.5915458333333333,0.5070833333333333,0.2692833333333333,Summer,2011,6,0,2,1,Clear
2011-06-15,769,4327,5180.0,0.6266666666666666,0.5877541666666667,0.4716666666666667,0.16791250000000002,Summer,2011,6,0,3,1,Clear
2011-06-16,545,3222,3767.0,0.6283333333333333,0.5953458333333334,0.6883333333333334,0.20647083333333335,Summer,2011,6,0,4,1,Clear
2011-06-17,863,3981,4844.0,0.6491666666666667,0.6003833333333334,0.7358333333333333,0.14302916666666668,Summer,2011,6,0,5,1,Clear
2011-06-18,1476,3312,5119.0,0.6966666666666667,0.6439541666666666,0.6704166666666667,0.11940833333333334,Summer,2011,6,0,6,0,Clear
2011-06-19,1456,3105,4744.0,0.6991666666666667,0.6458458333333333,0.6666666666666666,0.102,Summer,2011,6,0,0,0,Clear
2011-06-20,699,3311,4010.0,0.635,0.5953458333333334,0.74625,0.155475,Summer,2011,6,0,1,1,Clear
2011-06-21,774,4053,4835.0,0.6808333333333333,0.6376458333333334,0.7704166666666666,0.17102499999999998,Fall,2011,6,0,2,1,Clear
2011-06-22,661,3846,4507.0,0.7333333333333334,0.6938291666666667,0.7075,0.17226249999999999,Fall,2011,6,0,3,1,Clear
2011-06-23,746,4044,4790.0,0.7283333333333334,0.6938333333333332,0.7033333333333333,0.23880416666666668,Fall,2011,6,0,4,1,Clear
2011-06-24,969,4022,4991.0,0.7241666666666666,0.6565833333333333,0.5733333333333334,0.222025,Fall,2011,6,0,5,1,Clear
2011-06-25,1536,3420,5202.0,0.695,0.6433125,0.48333333333333334,0.20957083333333335,Fall,2011,6,0,6,0,Clear
2011-06-26,1468,3385,5305.0,0.68,0.6376291666666666,0.5133333333333333,0.09453333333333334,Fall,2011,6,0,0,0,Clear
2011-06-27,854,3826,4708.0,0.6825,0.6370041666666667,0.6583333333333333,0.1075875,Fall,2011,6,0,1,1,Light Snow/Rain
2011-06-28,732,3906,4648.0,0.7441666666666666,0.6925583333333334,0.6341666666666667,0.14428333333333335,Fall,2011,6,0,2,1,Misty
2011-06-29,848,4366,5225.0,0.7283333333333334,0.6546875,0.4979166666666666,0.26182083333333334,Fall,2011,6,0,3,1,Misty
2011-06-30,1027,4476,5515.0,0.6966666666666667,0.6370083333333333,0.43416666666666665,0.1853125,Fall,2011,6,0,4,1,Clear
2011-07-01,1246,4116,5362.0,0.7225,0.6521625,0.39625,0.10260833333333334,Fall,2011,7,0,5,1,Clear
2011-07-02,1665,2915,5119.0,0.7383333333333333,0.6673083333333333,0.44458333333333333,0.1150625,Fall,2011,7,0,6,0,Clear
2011-07-03,1607,2367,4649.0,0.7166666666666667,0.668575,0.6825,0.2288583333333333,Fall,2011,7,0,0,0,Clear
2011-07-04,1865,2978,6043.0,0.7266666666666667,0.6654166666666667,0.6379166666666667,0.08147916666666667,Fall,2011,7,1,1,0,Clear
2011-07-05,1031,3634,4665.0,0.7466666666666667,0.6963374999999999,0.5904166666666667,0.12625833333333333,Fall,2011,7,0,2,1,Misty
2011-07-06,784,3827,4629.0,0.7200000000000001,0.6856333333333332,0.7433333333333333,0.14988333333333334,Fall,2011,7,0,3,1,Clear
2011-07-07,754,3838,4592.0,0.75,0.6868708333333333,0.65125,0.1592,Fall,2011,7,0,4,1,Clear
2011-07-08,692,3348,4040.0,0.7091666666666666,0.6704833333333333,0.7579166666666667,0.22512916666666669,Fall,2011,7,0,5,1,Clear
2011-07-09,1642,3348,5336.0,0.7333333333333334,0.6641583333333333,0.6091666666666666,0.16791250000000002,Fall,2011,7,0,6,0,Misty
2011-07-10,1584,3138,4881.0,0.7475,0.690025,0.5783333333333334,0.18347083333333333,Fall,2011,7,0,0,0,Clear
2011-07-11,723,3363,4086.0,0.7625000000000001,0.7298041666666667,0.6358333333333334,0.28233749999999996,Fall,2011,7,0,1,1,Clear
2011-07-12,662,3596,4258.0,0.7941666666666666,0.739275,0.5591666666666667,0.20025416666666665,Fall,2011,7,0,2,1,Clear
2011-07-13,748,3594,4342.0,0.7466666666666666,0.6894041666666667,0.6316666666666667,0.14613333333333334,Fall,2011,7,0,3,1,Clear
2011-07-14,888,4178,5084.0,0.6808333333333333,0.6351041666666667,0.47625,0.24066666666666667,Fall,2011,7,0,4,1,Clear
2011-07-15,1318,4205,5538.0,0.6633333333333333,0.6243708333333333,0.5912499999999999,0.18283333333333332,Fall,2011,7,0,5,1,Clear
2011-07-16,1693,3505,5923.0,0.6866666666666666,0.6382625,0.5850000000000001,0.20834166666666668,Fall,2011,7,0,6,0,Clear
2011-07-17,1644,3296,5302.0,0.7191666666666667,0.6698333333333334,0.6041666666666666,0.24503333333333333,Fall,2011,7,0,0,0,Clear
2011-07-18,841,3617,4458.0,0.7466666666666667,0.703925,0.65125,0.21580416666666669,Fall,2011,7,0,1,1,Clear
2011-07-19,752,3789,4541.0,0.7766666666666667,0.7474791666666666,0.6504166666666666,0.13060000000000002,Fall,2011,7,0,2,1,Clear
2011-07-20,644,3688,4332.0,0.7683333333333334,0.7468499999999999,0.7070833333333333,0.11381666666666666,Fall,2011,7,0,3,1,Clear
2011-07-21,632,3152,3784.0,0.815,0.8263708333333333,0.69125,0.22202083333333333,Fall,2011,7,0,4,1,Misty
2011-07-22,562,2825,3387.0,0.8483333333333333,0.8408958333333333,0.5804166666666667,0.1331,Fall,2011,7,0,5,1,Clear
2011-07-23,987,2298,3285.0,0.8491666666666666,0.8042875,0.5,0.13122083333333331,Fall,2011,7,0,6,0,Clear
2011-07-24,1050,2556,3606.0,0.8300000000000001,0.7948291666666667,0.5508333333333334,0.16917083333333335,Fall,2011,7,0,0,0,Clear
2011-07-25,568,3272,3840.0,0.7433333333333333,0.7209583333333334,0.7570833333333332,0.09080833333333332,Fall,2011,7,0,1,1,Misty
2011-07-26,750,3840,4590.0,0.7716666666666666,0.6969791666666666,0.5408333333333334,0.20025833333333332,Fall,2011,7,0,2,1,Clear
2011-07-27,755,3901,4656.0,0.775,0.6906666666666667,0.40291666666666665,0.1834625,Fall,2011,7,0,3,1,Misty
2011-07-28,606,3784,4390.0,0.7791666666666667,0.7399,0.5833333333333334,0.17847916666666666,Fall,2011,7,0,4,1,Clear
2011-07-29,670,3176,3846.0,0.8383333333333334,0.7859666666666666,0.5425,0.17413750000000003,Fall,2011,7,0,5,1,Clear
2011-07-30,1536,2916,4475.0,0.8041666666666667,0.7285375,0.4658333333333333,0.1685375,Fall,2011,7,0,6,0,Clear
2011-07-31,1448,2778,4302.0,0.8058333333333333,0.7297958333333333,0.4808333333333333,0.1648125,Fall,2011,7,0,0,0,Clear
2011-08-01,729,3537,4266.0,0.7716666666666666,0.7032916666666668,0.5508333333333333,0.15671666666666667,Fall,2011,8,0,1,1,Clear
2011-08-02,801,4044,4845.0,0.7833333333333333,0.7070708333333333,0.49124999999999996,0.20585,Fall,2011,8,0,2,1,Clear
2011-08-03,467,3107,3574.0,0.7316666666666666,0.6799375,0.6575,0.13558333333333333,Fall,2011,8,0,3,1,Misty
2011-08-04,799,3777,4576.0,0.71,0.6647875,0.7575,0.19715000000000002,Fall,2011,8,0,4,1,Misty
2011-08-05,1023,3843,4866.0,0.7108333333333333,0.6565666666666666,0.6308333333333334,0.1846958333333333,Fall,2011,8,0,5,1,Clear
2011-08-06,1300,2773,4294.0,0.7166666666666667,0.6761541666666666,0.755,0.22824999999999998,Fall,2011,8,0,6,0,Clear
2011-08-07,1227,2487,3785.0,0.7425,0.7152916666666665,0.7529166666666667,0.2014875,Fall,2011,8,0,0,0,Misty
2011-08-08,846,3480,4326.0,0.765,0.7032833333333333,0.5920833333333334,0.19217499999999998,Fall,2011,8,0,1,1,Clear
2011-08-09,907,3695,4602.0,0.775,0.7241208333333334,0.5704166666666667,0.15112083333333334,Fall,2011,8,0,2,1,Clear
2011-08-10,884,3882,4780.0,0.7666666666666666,0.6849833333333333,0.42416666666666664,0.20025833333333332,Fall,2011,8,0,3,1,Clear
2011-08-11,812,3980,4792.0,0.7174999999999999,0.6515208333333333,0.42375,0.16479583333333334,Fall,2011,8,0,4,1,Clear
2011-08-12,1051,3854,4905.0,0.7083333333333334,0.6540416666666666,0.41500000000000004,0.12562083333333332,Fall,2011,8,0,5,1,Clear
2011-08-13,1356,2646,4150.0,0.6858333333333334,0.6458583333333333,0.7295833333333333,0.2114541666666667,Fall,2011,8,0,6,0,Clear
2011-08-14,1250,2482,3820.0,0.6766666666666666,0.6243875,0.8175,0.22263333333333335,Fall,2011,8,0,0,0,Light Snow/Rain
2011-08-15,775,3563,4338.0,0.6658333333333334,0.6161666666666666,0.7120833333333333,0.20895416666666666,Fall,2011,8,0,1,1,Light Snow/Rain
2011-08-16,721,3961,4725.0,0.7008333333333333,0.6458375,0.5783333333333333,0.23632916666666667,Fall,2011,8,0,2,1,Clear
2011-08-17,668,4019,4694.0,0.7233333333333333,0.6666708333333333,0.5754166666666667,0.14366666666666666,Fall,2011,8,0,3,1,Clear
2011-08-18,639,3166,3805.0,0.7116666666666668,0.6622583333333333,0.6545833333333334,0.23320833333333335,Fall,2011,8,0,4,1,Clear
2011-08-19,797,3356,4153.0,0.685,0.6332208333333332,0.7229166666666668,0.13930833333333334,Fall,2011,8,0,5,1,Light Snow/Rain
2011-08-20,1575,3277,5191.0,0.6974999999999999,0.6489958333333333,0.6741666666666667,0.10446666666666667,Fall,2011,8,0,6,0,Clear
2011-08-21,1210,2624,3873.0,0.7108333333333333,0.6755249999999999,0.77,0.2487541666666667,Fall,2011,8,0,0,0,Clear
2011-08-22,833,3877,4758.0,0.6916666666666668,0.6382541666666667,0.47,0.27675,Fall,2011,8,0,1,1,Clear
2011-08-23,1144,4611,5886.5,0.6408333333333333,0.6060666666666666,0.45541666666666664,0.1467625,Fall,2011,8,0,2,1,Clear
2011-08-24,949,4161,5130.0,0.6733333333333333,0.6306916666666667,0.605,0.2531083333333333,Fall,2011,8,0,3,1,Clear
2011-08-25,435,3107,3542.0,0.6841666666666667,0.6458541666666666,0.7716666666666666,0.21083333333333334,Fall,2011,8,0,4,1,Clear
2011-08-26,768,3893,4661.0,0.7000000000000001,0.6597333333333333,0.76125,0.0839625,Fall,2011,8,0,5,1,Clear
2011-08-27,226,889,1115.0,0.68,0.6355555555555555,0.85,0.37561666666666665,Fall,2011,8,0,6,0,Clear
2011-08-28,1146,2919,4334.0,0.7070588235294117,0.6479588235294118,0.5617647058823529,0.30465882352941176,Fall,2011,8,0,0,0,Light Snow/Rain
2011-08-29,729,3880,4634.0,0.6366666666666666,0.6079583333333333,0.5545833333333333,0.159825,Fall,2011,8,0,1,1,Clear
2011-08-30,775,4362,5204.0,0.6391666666666667,0.5947041666666667,0.5483333333333333,0.12500833333333333,Fall,2011,8,0,2,1,Clear
2011-08-31,688,4344,5058.0,0.6566666666666666,0.6111208333333333,0.5979166666666667,0.08333333333333333,Fall,2011,8,0,3,1,Clear
2011-09-01,783,4264,5115.0,0.655,0.6149208333333332,0.6391666666666667,0.14179583333333332,Fall,2011,9,0,4,1,Clear
2011-09-02,875,3852,4727.0,0.6433333333333333,0.6048083333333333,0.7270833333333333,0.13992916666666666,Fall,2011,9,0,5,1,Clear
2011-09-03,1526,2549,4484.0,0.6691666666666666,0.6332125,0.7166666666666667,0.185325,Fall,2011,9,0,6,0,Misty
2011-09-04,1690,2419,4940.0,0.7091666666666666,0.6654291666666666,0.7420833333333333,0.2064666666666667,Fall,2011,9,0,0,0,Clear
2011-09-05,1138,2115,3351.0,0.6733333333333333,0.6256458333333333,0.7904166666666667,0.21269583333333333,Fall,2011,9,1,1,0,Misty
2011-09-06,204,2506,2710.0,0.54,0.5152,0.8869565217391304,0.3439434782608696,Fall,2011,9,0,2,1,Light Snow/Rain
2011-09-07,118,1878,1996.0,0.5991666666666667,0.5442291666666667,0.9170833333333333,0.09702083333333333,Fall,2011,9,0,3,1,Misty
2011-09-08,153,1689,1842.0,0.6339130434782608,0.5553608695652174,0.9395652173913043,0.19274782608695654,Fall,2011,9,0,4,1,Light Snow/Rain
2011-09-09,417,3127,3544.0,0.65,0.5789458333333334,0.8979166666666667,0.12437916666666667,Fall,2011,9,0,5,1,Light Snow/Rain
2011-09-10,1453,3595,5345.0,0.66,0.6079625,0.75375,0.15360833333333332,Fall,2011,9,0,6,0,Clear
2011-09-11,1462,3413,5046.0,0.6533333333333333,0.6092291666666666,0.71375,0.11505416666666667,Fall,2011,9,0,0,0,Clear
2011-09-12,690,3991,4713.0,0.6443478260869565,0.6021304347826087,0.6921739130434783,0.08891304347826087,Fall,2011,9,0,1,1,Clear
2011-09-13,701,4054,4763.0,0.6508333333333333,0.6035541666666666,0.7125,0.14180416666666668,Fall,2011,9,0,2,1,Clear
2011-09-14,647,4121,4785.0,0.6733333333333333,0.6268999999999999,0.6970833333333334,0.1673,Fall,2011,9,0,3,1,Clear
2011-09-15,428,3231,3659.0,0.5775,0.5536708333333333,0.7091666666666666,0.27114583333333336,Fall,2011,9,0,4,1,Clear
2011-09-16,742,4018,4760.0,0.4691666666666667,0.461475,0.5904166666666667,0.16418333333333332,Fall,2011,9,0,5,1,Clear
2011-09-17,1346,3077,4511.0,0.4916666666666667,0.47851250000000006,0.7183333333333333,0.189675,Fall,2011,9,0,6,0,Clear
2011-09-18,1231,2921,4274.0,0.5075,0.4905375,0.695,0.17848333333333333,Fall,2011,9,0,0,0,Clear
2011-09-19,691,3848,4539.0,0.5491666666666667,0.529675,0.69,0.15174166666666666,Fall,2011,9,0,1,1,Misty
2011-09-20,438,3203,3641.0,0.5616666666666666,0.5322166666666667,0.88125,0.13495416666666668,Fall,2011,9,0,2,1,Misty
2011-09-21,539,3813,4352.0,0.5950000000000001,0.5505333333333333,0.9,0.09640416666666667,Fall,2011,9,0,3,1,Clear
2011-09-22,555,4224,4795.0,0.6283333333333333,0.5549624999999999,0.9020833333333332,0.12812500000000002,Fall,2011,9,0,4,1,Clear
2011-09-23,258,2137,2395.0,0.6091666666666666,0.5221250000000001,0.9725,0.07836666666666667,Winter,2011,9,0,5,1,Misty
2011-09-24,1423,3647,5423.0,0.6066666666666667,0.5644125,0.8624999999999999,0.07838333333333333,Winter,2011,9,0,6,0,Clear
2011-09-25,1411,3466,5010.0,0.6341666666666667,0.5726375,0.8450000000000001,0.05037916666666667,Winter,2011,9,0,0,0,Misty
2011-09-26,684,3936,4630.0,0.6491666666666667,0.5890416666666666,0.8483333333333333,0.1107,Winter,2011,9,0,1,1,Misty
2011-09-27,477,3643,4120.0,0.6366666666666666,0.574525,0.8854166666666666,0.11817083333333334,Winter,2011,9,0,2,1,Clear
2011-09-28,480,3399,3907.0,0.635,0.5751583333333333,0.84875,0.14862916666666667,Winter,2011,9,0,3,1,Clear
2011-09-29,653,4157,4839.0,0.6166666666666667,0.5745125,0.6991666666666667,0.17288333333333336,Winter,2011,9,0,4,1,Clear
2011-09-30,830,4372,5202.0,0.5641666666666667,0.5448291666666666,0.6475,0.206475,Winter,2011,9,0,5,1,Clear
2011-10-01,480,1949,2429.0,0.41,0.41286249999999997,0.75375,0.29229583333333337,Winter,2011,10,0,6,0,Clear
2011-10-02,616,2302,2918.0,0.3566666666666667,0.34531666666666666,0.7916666666666666,0.22201249999999997,Winter,2011,10,0,0,0,Light Snow/Rain
2011-10-03,330,3240,3570.0,0.3841666666666667,0.39204583333333337,0.7608333333333334,0.08334583333333334,Winter,2011,10,0,1,1,Clear
2011-10-04,486,3939,4456.0,0.4841666666666667,0.4728583333333333,0.71,0.20585416666666667,Winter,2011,10,0,2,1,Misty
2011-10-05,559,4204,4826.0,0.5383333333333333,0.5271374999999999,0.6479166666666667,0.17725000000000002,Winter,2011,10,0,3,1,Clear
2011-10-06,639,4120,4765.0,0.49416666666666664,0.48042500000000005,0.6208333333333333,0.13495416666666668,Winter,2011,10,0,4,1,Clear
2011-10-07,949,4036,4985.0,0.5108333333333334,0.5044041666666667,0.6841666666666667,0.022391666666666667,Winter,2011,10,0,5,1,Clear
2011-10-08,1475,3174,5409.0,0.5216666666666666,0.5132416666666667,0.7012499999999999,0.04540416666666667,Winter,2011,10,0,6,0,Clear
2011-10-09,1553,3114,5511.0,0.5408333333333334,0.5239833333333334,0.7275,0.06344999999999999,Winter,2011,10,0,0,0,Clear
2011-10-10,1307,3603,5117.0,0.5708333333333333,0.542925,0.73375,0.04230416666666667,Winter,2011,10,1,1,0,Clear
2011-10-11,667,3861,4563.0,0.5666666666666667,0.5460958333333333,0.80875,0.14304166666666665,Winter,2011,10,0,2,1,Misty
2011-10-12,217,2199,2416.0,0.5433333333333333,0.5177166666666667,0.90625,0.24815,Winter,2011,10,0,3,1,Misty
2011-10-13,290,2623,2913.0,0.5891666666666667,0.5518041666666667,0.8966666666666666,0.14178749999999998,Winter,2011,10,0,4,1,Misty
2011-10-14,529,3115,3644.0,0.5508333333333334,0.529675,0.71625,0.22388333333333335,Winter,2011,10,0,5,1,Clear
2011-10-15,1406,3318,5217.0,0.5066666666666667,0.49872500000000003,0.48333333333333334,0.25808333333333333,Winter,2011,10,0,6,0,Clear
2011-10-16,1329,3293,5041.0,0.5116666666666667,0.5031541666666667,0.48666666666666664,0.28171666666666667,Winter,2011,10,0,0,0,Clear
2011-10-17,713,3816,4570.0,0.5341666666666667,0.510725,0.5795833333333333,0.17537916666666667,Winter,2011,10,0,1,1,Clear
2011-10-18,637,4044,4748.0,0.5325000000000001,0.5227208333333333,0.7016666666666667,0.1100875,Winter,2011,10,0,2,1,Clear
2011-10-19,254,2170,2424.0,0.5417391304347826,0.5138478260869566,0.8952173913043479,0.2433391304347826,Winter,2011,10,0,3,1,Misty
2011-10-20,471,3724,4195.0,0.47583333333333333,0.466525,0.63625,0.42227499999999996,Winter,2011,10,0,4,1,Clear
2011-10-21,676,3628,4304.0,0.4275,0.42359583333333334,0.5741666666666666,0.22139583333333335,Winter,2011,10,0,5,1,Clear
2011-10-22,1311,2809,4308.0,0.42250000000000004,0.42549166666666666,0.6291666666666667,0.09266666666666666,Winter,2011,10,0,6,0,Clear
2011-10-23,1291,2762,4381.0,0.4216666666666667,0.4223333333333333,0.74125,0.0995125,Winter,2011,10,0,0,0,Clear
2011-10-24,699,3460,4187.0,0.4633333333333334,0.4570666666666667,0.7720833333333333,0.11879166666666667,Winter,2011,10,0,1,1,Clear
2011-10-25,695,3974,4687.0,0.4716666666666667,0.46337500000000004,0.6229166666666667,0.16665833333333332,Winter,2011,10,0,2,1,Clear
2011-10-26,404,3490,3894.0,0.48416666666666663,0.47284583333333335,0.7204166666666666,0.14864166666666667,Winter,2011,10,0,3,1,Clear
2011-10-27,240,2419,2659.0,0.47,0.4570458333333334,0.8129166666666666,0.19776249999999998,Winter,2011,10,0,4,1,Clear
2011-10-28,456,3291,3747.0,0.33083333333333337,0.3188125,0.5858333333333333,0.22947916666666668,Winter,2011,10,0,5,1,Clear
2011-10-29,57,570,627.0,0.25416666666666665,0.2279125,0.8825,0.35137083333333335,Winter,2011,10,0,6,0,Light Snow/Rain
2011-10-30,885,2446,3331.0,0.31916666666666665,0.32132916666666667,0.62375,0.17661666666666667,Winter,2011,10,0,0,0,Clear
2011-10-31,362,3307,3669.0,0.34,0.3560625,0.7033333333333333,0.10635,Winter,2011,10,0,1,1,Clear
2011-11-01,410,3658,4068.0,0.4008333333333333,0.39708750000000004,0.68375,0.13557083333333333,Winter,2011,11,0,2,1,Misty
2011-11-02,370,3792,4186.0,0.3775,0.3901333333333333,0.71875,0.08209166666666667,Winter,2011,11,0,3,1,Clear
2011-11-03,318,3656,3974.0,0.4083333333333334,0.40592083333333334,0.7020833333333334,0.13681666666666667,Winter,2011,11,0,4,1,Clear
2011-11-04,470,3576,4046.0,0.4033333333333333,0.40339166666666665,0.6224999999999999,0.2717791666666667,Winter,2011,11,0,5,1,Misty
2011-11-05,1013,2770,3926.0,0.32666666666666666,0.32385416666666667,0.5191666666666667,0.1890625,Winter,2011,11,0,6,0,Clear
2011-11-06,946,2697,3649.0,0.34833333333333333,0.36235833333333334,0.7345833333333333,0.09205416666666666,Winter,2011,11,0,0,0,Clear
2011-11-07,373,3662,4035.0,0.395,0.40087083333333334,0.75875,0.057225,Winter,2011,11,0,1,1,Clear
2011-11-08,376,3829,4205.0,0.4083333333333334,0.41224583333333337,0.7216666666666667,0.0690375,Winter,2011,11,0,2,1,Clear
2011-11-09,305,3804,4109.0,0.39999999999999997,0.40907916666666666,0.7583333333333333,0.06219583333333333,Winter,2011,11,0,3,1,Clear
2011-11-10,190,2743,2933.0,0.37999999999999995,0.37372083333333334,0.8133333333333334,0.1890666666666667,Winter,2011,11,0,4,1,Clear
2011-11-11,440,2928,3368.0,0.32416666666666666,0.3068166666666667,0.44625000000000004,0.314675,Winter,2011,11,1,5,0,Clear
2011-11-12,1082,2792,4067.0,0.3566666666666667,0.35794166666666666,0.5529166666666666,0.21206250000000001,Winter,2011,11,0,6,0,Clear
2011-11-13,1004,2713,3717.0,0.44083333333333335,0.43055,0.4583333333333333,0.28172083333333336,Winter,2011,11,0,0,0,Misty
2011-11-14,595,3891,4486.0,0.53,0.5246125,0.5870833333333333,0.30659583333333335,Winter,2011,11,0,1,1,Clear
2011-11-15,449,3746,4195.0,0.53,0.5075791666666667,0.6887500000000001,0.19963333333333333,Winter,2011,11,0,2,1,Clear
2011-11-16,145,1672,1817.0,0.4566666666666667,0.4519875,0.93,0.13682916666666667,Winter,2011,11,0,3,1,Misty
2011-11-17,139,2914,3053.0,0.3416666666666666,0.32322083333333335,0.5758333333333333,0.3053625,Winter,2011,11,0,4,1,Misty
2011-11-18,245,3147,3392.0,0.27416666666666667,0.27272083333333336,0.41,0.16853333333333334,Winter,2011,11,0,5,1,Clear
2011-11-19,926,2720,3663.0,0.32916666666666666,0.32448333333333335,0.5020833333333333,0.22449583333333334,Winter,2011,11,0,6,0,Clear
2011-11-20,787,2733,3520.0,0.4633333333333334,0.45705833333333334,0.6845833333333333,0.18594999999999998,Winter,2011,11,0,0,0,Clear
2011-11-21,220,2545,2765.0,0.4475,0.44506249999999997,0.91,0.13805416666666667,Winter,2011,11,0,1,1,Misty
2011-11-22,69,1538,1607.0,0.4166666666666667,0.4216958333333333,0.9624999999999999,0.11879166666666667,Winter,2011,11,0,2,1,Light Snow/Rain
2011-11-23,112,2454,2566.0,0.44083333333333335,0.4305375,0.7579166666666666,0.335825,Winter,2011,11,0,3,1,Misty
2011-11-24,560,935,1495.0,0.37333333333333335,0.3724708333333333,0.5491666666666667,0.16730416666666667,Winter,2011,11,1,4,0,Clear
2011-11-25,987,1697,2792.0,0.375,0.38067083333333335,0.64375,0.09889583333333334,Winter,2011,11,0,5,1,Clear
2011-11-26,1073,1819,3068.0,0.3758333333333333,0.3850875,0.6816666666666666,0.06842083333333333,Winter,2011,11,0,6,0,Clear
2011-11-27,810,2261,3071.0,0.45916666666666667,0.4558,0.6983333333333334,0.20895416666666666,Winter,2011,11,0,0,0,Clear
2011-11-28,253,3614,3867.0,0.5034782608695653,0.4901217391304348,0.7430434782608696,0.14212173913043477,Winter,2011,11,0,1,1,Clear
2011-11-29,96,2818,2914.0,0.4583333333333333,0.451375,0.8308333333333334,0.25809166666666666,Winter,2011,11,0,2,1,Clear
2011-11-30,188,3425,3613.0,0.325,0.31122083333333334,0.6133333333333334,0.27115833333333333,Winter,2011,11,0,3,1,Clear
2011-12-01,182,3545,3727.0,0.3125,0.3055541666666666,0.5245833333333333,0.22015833333333334,Winter,2011,12,0,4,1,Clear
2011-12-02,268,3672,3940.0,0.31416666666666665,0.3314333333333333,0.6258333333333334,0.10075416666666666,Winter,2011,12,0,5,1,Clear
2011-12-03,706,2908,3614.0,0.29916666666666664,0.3106041666666666,0.6129166666666667,0.09578333333333333,Winter,2011,12,0,6,0,Clear
2011-12-04,634,2851,3485.0,0.33083333333333337,0.34909999999999997,0.7758333333333334,0.08395833333333334,Winter,2011,12,0,0,0,Clear
2011-12-05,233,3578,3811.0,0.3858333333333333,0.393925,0.8270833333333334,0.06220833333333333,Winter,2011,12,0,1,1,Clear
2011-12-06,126,2468,2594.0,0.46249999999999997,0.4564,0.9495833333333333,0.23258333333333334,Winter,2011,12,0,2,1,Misty
2011-12-07,50,655,705.0,0.41,0.40024583333333336,0.9704166666666666,0.266175,Winter,2011,12,0,3,1,Clear
2011-12-08,150,3172,3322.0,0.2658333333333333,0.2569375,0.58,0.24005833333333335,Winter,2011,12,0,4,1,Misty
2011-12-09,261,3359,3620.0,0.29083333333333333,0.31754166666666667,0.6958333333333333,0.08271666666666667,Winter,2011,12,0,5,1,Clear
2011-12-10,502,2688,3190.0,0.275,0.2664125,0.5075,0.23322083333333332,Winter,2011,12,0,6,0,Misty
2011-12-11,377,2366,2743.0,0.22083333333333333,0.2531541666666666,0.49,0.06654166666666667,Winter,2011,12,0,0,0,Clear
2011-12-12,143,3167,3310.0,0.2383333333333333,0.27019583333333336,0.6708333333333334,0.06344999999999999,Winter,2011,12,0,1,1,Clear
2011-12-13,155,3368,3523.0,0.28250000000000003,0.3011375,0.59,0.14055,Winter,2011,12,0,2,1,Clear
2011-12-14,178,3562,3740.0,0.3175,0.33836249999999995,0.66375,0.06095833333333334,Winter,2011,12,0,3,1,Clear
2011-12-15,181,3528,3709.0,0.42250000000000004,0.4122375,0.6341666666666667,0.2680416666666667,Winter,2011,12,0,4,1,Clear
2011-12-16,178,3399,3577.0,0.375,0.359825,0.5004166666666666,0.260575,Winter,2011,12,0,5,1,Clear
2011-12-17,275,2464,2739.0,0.25833333333333336,0.24937083333333332,0.5608333333333334,0.24316666666666667,Winter,2011,12,0,6,0,Clear
2011-12-18,220,2211,2431.0,0.2383333333333333,0.24557916666666668,0.58625,0.16977916666666668,Winter,2011,12,0,0,0,Clear
2011-12-19,260,3143,3403.0,0.27666666666666667,0.2809333333333333,0.6375000000000001,0.17289583333333333,Winter,2011,12,0,1,1,Clear
2011-12-20,216,3534,3750.0,0.3858333333333333,0.3964541666666667,0.5954166666666667,0.06157083333333333,Winter,2011,12,0,2,1,Clear
2011-12-21,107,2553,2660.0,0.4283333333333333,0.4280166666666667,0.8583333333333334,0.2214,Spring,2011,12,0,3,1,Misty
2011-12-22,227,2841,3068.0,0.42333333333333334,0.42612083333333334,0.7575,0.047275000000000005,Spring,2011,12,0,4,1,Misty
2011-12-23,163,2046,2209.0,0.37333333333333335,0.3775125,0.6862499999999999,0.27424583333333336,Spring,2011,12,0,5,1,Light Snow/Rain
2011-12-24,155,856,1011.0,0.3025,0.2992416666666667,0.5425,0.1903041666666667,Spring,2011,12,0,6,0,Misty
2011-12-25,303,451,754.0,0.2747826086956522,0.2799608695652174,0.681304347826087,0.1550913043478261,Spring,2011,12,0,0,0,Clear
2011-12-26,430,887,1317.0,0.32173913043478264,0.31553478260869566,0.5069565217391304,0.23946521739130433,Spring,2011,12,1,1,0,Clear
2011-12-27,103,1059,1162.0,0.325,0.32763333333333333,0.7625000000000001,0.18845,Spring,2011,12,0,2,1,Clear
2011-12-28,255,2047,2302.0,0.2991304347826087,0.27997391304347824,0.5039130434782608,0.2939608695652174,Spring,2011,12,0,3,1,Clear
2011-12-29,254,2169,2423.0,0.24833333333333332,0.2638916666666667,0.5741666666666667,0.11941249999999999,Spring,2011,12,0,4,1,Misty
2011-12-30,491,2508,2999.0,0.3116666666666667,0.3188125,0.6366666666666666,0.1343375,Spring,2011,12,0,5,1,Clear
2011-12-31,664,1820,2485.0,0.41,0.4141208333333333,0.6158333333333333,0.22015416666666665,Spring,2011,12,0,6,0,Misty
2012-01-01,680,1608,2294.0,0.37000000000000005,0.37562083333333335,0.6925,0.19216666666666668,Spring,2012,1,0,0,0,Clear
2012-01-02,244,1707,1951.0,0.27304347826086955,0.25230434782608696,0.38130434782608696,0.32966521739130433,Spring,2012,1,1,1,0,Clear
2012-01-03,89,2147,2236.0,0.15,0.126275,0.44125,0.36567083333333333,Spring,2012,1,0,2,1,Clear
2012-01-04,95,2273,2368.0,0.1075,0.1193375,0.4145833333333333,0.1847,Spring,2012,1,0,3,1,Clear
2012-01-05,140,3132,3272.0,0.2658333333333333,0.2784125,0.5241666666666667,0.1299875,Spring,2012,1,0,4,1,Misty
2012-01-06,307,3791,4098.0,0.33416666666666667,0.34026666666666666,0.5420833333333334,0.16790833333333333,Spring,2012,1,0,5,1,Clear
2012-01-07,956,3451,4521.0,0.3933333333333333,0.3907791666666667,0.5316666666666666,0.17475833333333335,Spring,2012,1,0,6,0,Clear
2012-01-08,599,2826,3425.0,0.33749999999999997,0.34025833333333333,0.465,0.19154166666666664,Spring,2012,1,0,0,0,Clear
2012-01-09,106,2270,2376.0,0.22416666666666665,0.24747916666666667,0.7016666666666667,0.0989,Spring,2012,1,0,1,1,Clear
2012-01-10,173,3425,3598.0,0.30869565217391304,0.31882608695652176,0.6465217391304349,0.18755217391304346,Spring,2012,1,0,2,1,Misty
2012-01-11,92,2085,2177.0,0.27416666666666667,0.28282083333333335,0.8475,0.13122083333333334,Spring,2012,1,0,3,1,Clear
2012-01-12,269,3828,4097.0,0.3825,0.3819375,0.8029166666666666,0.1809666666666667,Spring,2012,1,0,4,1,Light Snow/Rain
2012-01-13,174,3040,3214.0,0.27416666666666667,0.24936250000000001,0.5075,0.3781083333333333,Spring,2012,1,0,5,1,Misty
2012-01-14,333,2160,2493.0,0.18000000000000002,0.1830875,0.4575,0.18718333333333334,Spring,2012,1,0,6,0,Clear
2012-01-15,284,2027,2311.0,0.16666666666666666,0.161625,0.4191666666666667,0.2512583333333333,Spring,2012,1,0,0,0,Clear
2012-01-16,217,2081,2298.0,0.19000000000000003,0.19066249999999998,0.5225,0.23135833333333333,Spring,2012,1,1,1,0,Clear
2012-01-17,127,2808,2935.0,0.3730434782608696,0.36427826086956516,0.716086956521739,0.3491304347826087,Spring,2012,1,0,2,1,Misty
2012-01-18,109,3267,3376.0,0.30333333333333334,0.27525416666666663,0.44333333333333336,0.4154291666666667,Spring,2012,1,0,3,1,Misty
2012-01-19,130,3162,3292.0,0.19000000000000003,0.1900375,0.4975,0.22015833333333334,Spring,2012,1,0,4,1,Clear
2012-01-20,115,3048,3163.0,0.2175,0.22095833333333334,0.45,0.20274999999999999,Spring,2012,1,0,5,1,Misty
2012-01-21,67,1234,1301.0,0.17333333333333334,0.174875,0.8312499999999999,0.22264166666666665,Spring,2012,1,0,6,0,Light Snow/Rain
2012-01-22,196,1781,1977.0,0.1625,0.16224999999999998,0.79625,0.1996375,Spring,2012,1,0,0,0,Clear
2012-01-23,145,2287,2432.0,0.21833333333333335,0.24305833333333335,0.91125,0.11070833333333334,Spring,2012,1,0,1,1,Misty
2012-01-24,439,3900,4339.0,0.3425,0.34910833333333335,0.8358333333333333,0.12376666666666668,Spring,2012,1,0,2,1,Misty
2012-01-25,467,3803,4270.0,0.2941666666666667,0.2948208333333333,0.6437499999999999,0.16107083333333333,Spring,2012,1,0,3,1,Clear
2012-01-26,244,3816,4075.0,0.34166666666666673,0.35605,0.7695833333333333,0.07339583333333334,Spring,2012,1,0,4,1,Misty
2012-01-27,269,3187,3456.0,0.425,0.4153833333333334,0.74125,0.3426666666666667,Spring,2012,1,0,5,1,Misty
2012-01-28,749,3248,4023.0,0.31583333333333335,0.32637916666666666,0.5433333333333333,0.21082916666666665,Spring,2012,1,0,6,0,Clear
2012-01-29,558,2685,3243.0,0.28250000000000003,0.27272083333333336,0.31125,0.24004999999999999,Spring,2012,1,0,0,0,Clear
2012-01-30,126,3498,3624.0,0.26916666666666667,0.262625,0.4008333333333333,0.2157916666666667,Spring,2012,1,0,1,1,Misty
2012-01-31,324,4166,4509.0,0.38999999999999996,0.3813166666666667,0.4166666666666667,0.26181666666666664,Spring,2012,1,0,2,1,Clear
2012-02-01,304,4245,4579.0,0.4691666666666667,0.4665375,0.5079166666666667,0.1890666666666667,Spring,2012,2,0,3,1,Clear
2012-02-02,190,3571,3761.0,0.39916666666666667,0.39897083333333333,0.6729166666666666,0.18718749999999998,Spring,2012,2,0,4,1,Clear
2012-02-03,310,3841,4151.0,0.31333333333333335,0.3093458333333333,0.5266666666666667,0.17849583333333333,Spring,2012,2,0,5,1,Clear
2012-02-04,384,2448,2832.0,0.26416666666666666,0.272725,0.7795833333333334,0.12189583333333333,Spring,2012,2,0,6,0,Clear
2012-02-05,318,2629,2947.0,0.2658333333333333,0.2645208333333333,0.6879166666666667,0.17599583333333335,Spring,2012,2,0,0,0,Misty
2012-02-06,206,3578,3784.0,0.2826086956521739,0.29642608695652173,0.6221739130434782,0.1538,Spring,2012,2,0,1,1,Clear
2012-02-07,199,4144,4375.0,0.3541666666666667,0.3611041666666666,0.49625,0.14737916666666667,Spring,2012,2,0,2,1,Clear
2012-02-08,109,2693,2802.0,0.25666666666666665,0.26642083333333333,0.7229166666666668,0.13372083333333332,Spring,2012,2,0,3,1,Clear
2012-02-09,163,3667,3830.0,0.265,0.2619875,0.5620833333333334,0.1940375,Spring,2012,2,0,4,1,Misty
2012-02-10,227,3604,3831.0,0.2808333333333333,0.2935583333333333,0.54,0.11692916666666668,Spring,2012,2,0,5,1,Misty
2012-02-11,192,1977,2169.0,0.22416666666666665,0.21086666666666667,0.7312500000000001,0.2897958333333333,Spring,2012,2,0,6,0,Misty
2012-02-12,73,1456,1529.0,0.1275,0.10165833333333334,0.46458333333333335,0.4092125,Spring,2012,2,0,0,0,Light Snow/Rain
2012-02-13,94,3328,3422.0,0.2225,0.2279125,0.41125000000000006,0.16728333333333334,Spring,2012,2,0,1,1,Clear
2012-02-14,135,3771,3922.0,0.31916666666666665,0.33394583333333333,0.50875,0.14117916666666666,Spring,2012,2,0,2,1,Misty
2012-02-15,141,4019,4169.0,0.34833333333333333,0.35162916666666666,0.53125,0.1816,Spring,2012,2,0,3,1,Clear
2012-02-16,74,2931,3005.0,0.31666666666666665,0.33016249999999997,0.7529166666666667,0.09142499999999999,Spring,2012,2,0,4,1,Misty
2012-02-17,349,3788,4154.0,0.3433333333333333,0.35162916666666666,0.6345833333333334,0.2058458333333333,Spring,2012,2,0,5,1,Misty
2012-02-18,1086,2883,4318.0,0.3466666666666667,0.35542500000000005,0.5345833333333333,0.19092916666666668,Spring,2012,2,0,6,0,Clear
2012-02-19,618,2071,2689.0,0.27999999999999997,0.2657875,0.5158333333333334,0.2531125,Spring,2012,2,0,0,0,Misty
2012-02-20,502,2627,3129.0,0.28,0.2733913043478261,0.5078260869565218,0.2290826086956522,Spring,2012,2,1,1,0,Misty
2012-02-21,163,3614,3777.0,0.28782608695652173,0.29511304347826084,0.5943478260869565,0.2057173913043478,Spring,2012,2,0,2,1,Clear
2012-02-22,394,4311,4773.0,0.3958333333333333,0.39266666666666666,0.5679166666666666,0.23447083333333332,Spring,2012,2,0,3,1,Clear
2012-02-23,516,4434,5062.0,0.45416666666666666,0.4444458333333334,0.5545833333333333,0.1909125,Spring,2012,2,0,4,1,Misty
2012-02-24,246,3241,3487.0,0.4075,0.41097083333333334,0.7374999999999999,0.23756666666666668,Spring,2012,2,0,5,1,Misty
2012-02-25,317,2415,2732.0,0.29083333333333333,0.255675,0.3958333333333333,0.4216416666666667,Spring,2012,2,0,6,0,Clear
2012-02-26,515,2874,3389.0,0.2791666666666667,0.2683083333333333,0.41,0.20522916666666668,Spring,2012,2,0,0,0,Clear
2012-02-27,253,4032,4322.0,0.3666666666666667,0.35795416666666663,0.4908333333333333,0.26803333333333335,Spring,2012,2,0,1,1,Clear
2012-02-28,229,4090,4363.0,0.3591666666666667,0.35352500000000003,0.3958333333333333,0.19341666666666668,Spring,2012,2,0,2,1,Clear
2012-02-29,65,1769,1834.0,0.3443478260869565,0.34846956521739125,0.8047826086956522,0.1791173913043478,Spring,2012,2,0,3,1,Clear
2012-03-01,325,4533,4990.0,0.48583333333333334,0.4753708333333333,0.6154166666666666,0.2269875,Spring,2012,3,0,4,1,Misty
2012-03-02,246,2914,3194.0,0.35333333333333333,0.35984166666666667,0.6570833333333334,0.14490416666666667,Spring,2012,3,0,5,1,Clear
2012-03-03,835,3110,4066.0,0.4141666666666666,0.41349166666666665,0.62125,0.16107916666666666,Spring,2012,3,0,6,0,Light Snow/Rain
2012-03-04,710,2713,3423.0,0.32583333333333336,0.30302083333333335,0.4033333333333333,0.3345708333333333,Spring,2012,3,0,0,0,Misty
2012-03-05,203,3130,3333.0,0.24333333333333332,0.24117083333333333,0.50625,0.2288583333333333,Spring,2012,3,0,1,1,Clear
2012-03-06,221,3735,3956.0,0.25833333333333336,0.25504166666666667,0.4566666666666667,0.200875,Spring,2012,3,0,2,1,Clear
2012-03-07,432,4364,4916.0,0.40416666666666673,0.3851,0.5133333333333333,0.3457791666666667,Spring,2012,3,0,3,1,Clear
2012-03-08,486,4730,5382.0,0.5275,0.5246041666666666,0.5675,0.4415625,Spring,2012,3,0,4,1,Clear
2012-03-09,447,4122,4569.0,0.41083333333333333,0.3970833333333333,0.4070833333333333,0.4148,Spring,2012,3,0,5,1,Misty
2012-03-10,946,3150,4118.0,0.28750000000000003,0.27776666666666666,0.35041666666666665,0.22575,Spring,2012,3,0,6,0,Clear
2012-03-11,1181,3253,4911.0,0.3617391304347826,0.3596695652173913,0.4769565217391304,0.22258695652173915,Spring,2012,3,0,0,0,Clear
2012-03-12,838,4230,5227.0,0.46666666666666673,0.4595916666666666,0.4891666666666667,0.2077125,Spring,2012,3,0,1,1,Clear
2012-03-13,762,4759,5722.0,0.5650000000000001,0.5429291666666667,0.6175,0.23695,Spring,2012,3,0,2,1,Misty
2012-03-14,971,4895,6046.5,0.5725,0.5486166666666666,0.5070833333333333,0.1150625,Spring,2012,3,0,3,1,Clear
2012-03-15,1005,4800,6018.0,0.5575,0.532825,0.5795833333333333,0.14988333333333334,Spring,2012,3,0,4,1,Clear
2012-03-16,548,3795,4378.0,0.43583333333333335,0.43622916666666667,0.8420833333333334,0.11319166666666668,Spring,2012,3,0,5,1,Clear
2012-03-17,1614,4681,7652.0,0.5141666666666667,0.5050458333333333,0.7558333333333334,0.11070416666666667,Spring,2012,3,0,6,0,Misty
2012-03-18,1456,3685,5892.0,0.4725,0.464,0.81,0.12688333333333332,Spring,2012,3,0,0,0,Clear
2012-03-19,976,4809,5916.0,0.545,0.5328208333333333,0.7287499999999999,0.16231666666666666,Spring,2012,3,0,1,1,Clear
2012-03-20,1029,4733,5827.0,0.5608333333333334,0.5385333333333333,0.8079166666666667,0.12127083333333333,Spring,2012,3,0,2,1,Misty
2012-03-21,1084,4860,6007.0,0.5316666666666666,0.5132583333333333,0.82125,0.08955833333333334,Summer,2012,3,0,3,1,Clear
2012-03-22,1247,5126,6538.5,0.5541666666666667,0.5315666666666666,0.8312499999999999,0.1175625,Summer,2012,3,0,4,1,Clear
2012-03-23,1647,5489,7797.0,0.6016666666666667,0.5700666666666666,0.6941666666666667,0.1163,Summer,2012,3,0,5,1,Clear
2012-03-24,995,2339,3372.0,0.5025000000000001,0.4867333333333333,0.8854166666666666,0.19278333333333333,Summer,2012,3,0,6,0,Clear
2012-03-25,1331,3464,4996.0,0.4375,0.43748750000000003,0.8808333333333334,0.22077500000000003,Summer,2012,3,0,0,0,Misty
2012-03-26,795,4442,5480.5,0.4458333333333333,0.43875,0.4779166666666666,0.38682083333333334,Summer,2012,3,0,1,1,Misty
2012-03-27,531,4382,5100.5,0.3233333333333333,0.3156541666666667,0.29,0.18719166666666667,Summer,2012,3,0,2,1,Clear
2012-03-28,674,4770,5682.5,0.4841666666666667,0.47095,0.48125,0.2916708333333333,Summer,2012,3,0,3,1,Clear
2012-03-29,834,4950,6022.5,0.49416666666666664,0.4823041666666667,0.43916666666666665,0.31965,Summer,2012,3,0,4,1,Clear
2012-03-30,796,4593,5459.0,0.37000000000000005,0.37562083333333335,0.5808333333333333,0.13806666666666667,Summer,2012,3,0,5,1,Clear
2012-03-31,1391,3934,6235.0,0.42416666666666664,0.42170833333333335,0.7383333333333333,0.25061666666666665,Summer,2012,3,0,6,0,Clear
2012-04-01,1485,3694,6041.0,0.42583333333333334,0.41728750000000003,0.67625,0.17226666666666668,Summer,2012,4,0,0,0,Misty
2012-04-02,1163,4528,5849.5,0.4339130434782609,0.4275130434782609,0.5043478260869565,0.3121391304347826,Summer,2012,4,0,1,1,Light Snow/Rain
2012-04-03,1271,5049,6500.0,0.4666666666666666,0.4614833333333333,0.39666666666666667,0.10013333333333334,Summer,2012,4,0,2,1,Clear
2012-04-04,1058,4931,6176.5,0.5416666666666666,0.53345,0.4695833333333333,0.180975,Summer,2012,4,0,3,1,Clear
2012-04-05,1132,4857,6222.0,0.435,0.43116250000000006,0.3741666666666667,0.21952916666666666,Summer,2012,4,0,4,1,Clear
2012-04-06,1389,4653,6447.5,0.4033333333333333,0.39076666666666665,0.3770833333333334,0.3003875,Summer,2012,4,0,5,1,Clear
2012-04-07,1582,3605,6856.5,0.4375,0.42612916666666667,0.2541666666666667,0.27487083333333334,Summer,2012,4,0,6,0,Clear
2012-04-08,1438,2939,5169.0,0.5,0.49242499999999995,0.2758333333333333,0.23259583333333333,Summer,2012,4,0,0,0,Clear
2012-04-09,905,4431,5581.5,0.4891666666666667,0.4766375,0.3175,0.3581958333333333,Summer,2012,4,0,1,1,Clear
2012-04-10,819,4644,5705.5,0.4466666666666667,0.4362333333333333,0.435,0.249375,Summer,2012,4,0,2,1,Misty
2012-04-11,482,4223,4862.0,0.348695652173913,0.33727391304347826,0.46956521739130436,0.2952739130434782,Summer,2012,4,0,3,1,Clear
2012-04-12,663,4496,5395.5,0.39749999999999996,0.3876041666666667,0.46625,0.2904291666666667,Summer,2012,4,0,4,1,Clear
2012-04-13,1237,4919,6274.0,0.44250000000000006,0.43180833333333335,0.4083333333333334,0.15547083333333334,Summer,2012,4,0,5,1,Clear
2012-04-14,1544,4665,7356.0,0.49500000000000005,0.48799583333333335,0.5029166666666667,0.19091666666666665,Summer,2012,4,0,6,0,Clear
2012-04-15,1606,4286,7093.5,0.6066666666666667,0.573875,0.5079166666666667,0.22512916666666669,Summer,2012,4,0,0,0,Misty
2012-04-16,1197,4930,6267.0,0.6641666666666667,0.6149249999999999,0.5616666666666666,0.28482916666666663,Summer,2012,4,1,1,0,Clear
2012-04-17,989,5225,6389.5,0.6083333333333333,0.5984875,0.39041666666666663,0.27362916666666665,Summer,2012,4,0,2,1,Clear
2012-04-18,347,3968,4367.0,0.4633333333333333,0.4570375,0.5691666666666667,0.1679125,Summer,2012,4,0,3,1,Clear
2012-04-19,846,5208,6291.5,0.49833333333333335,0.49304583333333335,0.6124999999999999,0.06592916666666666,Summer,2012,4,0,4,1,Light Snow/Rain
2012-04-20,1222,5524,7030.5,0.5266666666666667,0.515775,0.6945833333333334,0.14987083333333334,Summer,2012,4,0,5,1,Clear
2012-04-21,1366,4083,6617.5,0.57,0.5429208333333333,0.6829166666666667,0.2835875,Summer,2012,4,0,6,0,Clear
2012-04-22,120,907,1027.0,0.39666666666666667,0.3895041666666667,0.8354166666666667,0.34454583333333333,Summer,2012,4,0,0,0,Misty
2012-04-23,195,3019,3214.0,0.32166666666666666,0.301125,0.7666666666666666,0.30349583333333335,Summer,2012,4,0,1,1,Light Snow/Rain
2012-04-24,518,4814,5584.5,0.41333333333333333,0.4052833333333334,0.45416666666666666,0.24938333333333332,Summer,2012,4,0,2,1,Misty
2012-04-25,655,5089,6028.5,0.4766666666666666,0.47031666666666666,0.42791666666666667,0.11879166666666667,Summer,2012,4,0,3,1,Clear
2012-04-26,475,4395,5004.5,0.49833333333333335,0.4835833333333333,0.7566666666666667,0.176625,Summer,2012,4,0,4,1,Misty
2012-04-27,1014,4968,6162.0,0.4575,0.4526375,0.4008333333333333,0.3476333333333333,Summer,2012,4,0,5,1,Clear
2012-04-28,1029,3100,4220.0,0.3766666666666667,0.3775041666666667,0.4895833333333333,0.129975,Summer,2012,4,0,6,0,Clear
2012-04-29,1385,4075,6293.5,0.4583333333333333,0.4501208333333333,0.5870833333333333,0.11690833333333334,Summer,2012,4,0,0,0,Light Snow/Rain
2012-04-30,665,4597,5510.0,0.46416666666666667,0.45769583333333336,0.57,0.1716375,Summer,2012,4,0,1,1,Clear
2012-05-01,653,4768,5601.0,0.6133333333333334,0.5770208333333333,0.6595833333333333,0.15609583333333332,Summer,2012,5,0,2,1,Misty
2012-05-02,667,4930,5888.5,0.5641666666666667,0.5378958333333334,0.7970833333333333,0.1380583333333333,Summer,2012,5,0,3,1,Clear
2012-05-03,764,5287,6296.0,0.5599999999999999,0.5372416666666667,0.7683333333333334,0.13369583333333332,Summer,2012,5,0,4,1,Misty
2012-05-04,1069,5029,6295.5,0.6275000000000001,0.5909166666666666,0.7354166666666666,0.1629375,Summer,2012,5,0,5,1,Clear
2012-05-05,1661,4387,6883.0,0.6216666666666667,0.5846083333333333,0.7566666666666667,0.15299166666666666,Summer,2012,5,0,6,0,Clear
2012-05-06,1534,4224,6359.0,0.5625,0.5467375,0.7399999999999999,0.14987916666666667,Summer,2012,5,0,0,0,Misty
2012-05-07,1008,4885,6109.0,0.5375,0.5271416666666667,0.6641666666666667,0.23072083333333335,Summer,2012,5,0,1,1,Misty
2012-05-08,738,4601,5586.0,0.5816666666666667,0.5574708333333332,0.6858333333333334,0.2960291666666667,Summer,2012,5,0,2,1,Misty
2012-05-09,620,3872,4654.5,0.5750000000000001,0.553025,0.7441666666666666,0.2164125,Summer,2012,5,0,3,1,Misty
2012-05-10,1026,5131,6355.0,0.5058333333333334,0.4917833333333333,0.5520833333333334,0.31406249999999997,Summer,2012,5,0,4,1,Light Snow/Rain
2012-05-11,1277,5434,6893.5,0.5333333333333333,0.5208333333333334,0.36041666666666666,0.2369375,Summer,2012,5,0,5,1,Clear
2012-05-12,1631,4807,7412.5,0.5641666666666667,0.5448166666666666,0.48041666666666666,0.12313333333333333,Summer,2012,5,0,6,0,Clear
2012-05-13,1513,3946,6118.0,0.6125,0.5852375,0.57625,0.22511666666666666,Summer,2012,5,0,0,0,Clear
2012-05-14,342,2501,2843.0,0.5733333333333334,0.5498999999999999,0.7895833333333333,0.21269166666666664,Summer,2012,5,0,1,1,Misty
2012-05-15,625,4220,4989.0,0.6116666666666667,0.5764041666666667,0.7945833333333333,0.14739166666666667,Summer,2012,5,0,2,1,Misty
2012-05-16,991,5795,6982.5,0.6366666666666666,0.595975,0.6979166666666666,0.12251250000000001,Summer,2012,5,0,3,1,Misty
2012-05-17,1203,5581,6949.0,0.5933333333333334,0.5726125,0.52,0.229475,Summer,2012,5,0,4,1,Clear
2012-05-18,1457,5661,7340.5,0.5641666666666667,0.5511208333333334,0.5233333333333333,0.13681666666666667,Summer,2012,5,0,5,1,Clear
2012-05-19,1742,4884,8113.0,0.6,0.5669083333333333,0.45625,0.08397500000000001,Summer,2012,5,0,6,0,Clear
2012-05-20,1689,4425,7129.0,0.6208333333333333,0.5839666666666666,0.5304166666666666,0.2543666666666667,Summer,2012,5,0,0,0,Clear
2012-05-21,630,3729,4359.0,0.5983333333333333,0.5656666666666667,0.8112499999999999,0.23320416666666666,Summer,2012,5,0,1,1,Light Snow/Rain
2012-05-22,819,4756,5788.0,0.615,0.580825,0.7658333333333333,0.11816666666666666,Summer,2012,5,0,2,1,Clear
2012-05-23,766,4312,5183.5,0.6216666666666667,0.5846125,0.7745833333333333,0.102,Summer,2012,5,0,3,1,Clear
2012-05-24,1049,5237,6455.5,0.6549999999999999,0.6066999999999999,0.7166666666666667,0.17289583333333333,Summer,2012,5,0,4,1,Clear
2012-05-25,1367,5235,6723.5,0.68,0.6275291666666666,0.7470833333333333,0.14054999999999998,Summer,2012,5,0,5,1,Clear
2012-05-26,1670,3681,6536.0,0.6925,0.6426958333333334,0.7325,0.19899166666666668,Summer,2012,5,0,6,0,Clear
2012-05-27,1669,3308,6591.0,0.69,0.641425,0.6970833333333334,0.21517083333333334,Summer,2012,5,0,0,0,Misty
2012-05-28,1662,3486,6043.0,0.7125,0.6793,0.67625,0.19652083333333334,Summer,2012,5,1,1,0,Clear
2012-05-29,880,4466,5537.0,0.7225,0.6729916666666668,0.6845833333333333,0.2954,Summer,2012,5,0,2,1,Clear
2012-05-30,745,5456,6476.5,0.6566666666666666,0.6111291666666666,0.6699999999999999,0.13432916666666667,Summer,2012,5,0,3,1,Light Snow/Rain
2012-05-31,1100,5618,6960.5,0.68,0.6313291666666666,0.49291666666666667,0.19527916666666667,Summer,2012,5,0,4,1,Clear
2012-06-01,533,3418,4075.5,0.6541666666666667,0.6079625,0.7554166666666666,0.2375625,Summer,2012,6,0,5,1,Clear
2012-06-02,1622,5325,7992.5,0.5833333333333334,0.5662874999999999,0.5491666666666667,0.1865625,Summer,2012,6,0,6,0,Misty
2012-06-03,1577,5147,7499.5,0.6025,0.5751333333333334,0.49333333333333335,0.1840875,Summer,2012,6,0,0,0,Clear
2012-06-04,1071,5269,6602.0,0.5975,0.5782833333333334,0.4870833333333333,0.2848333333333333,Summer,2012,6,0,1,1,Clear
2012-06-05,968,5366,6578.5,0.5408333333333334,0.5258916666666666,0.6133333333333334,0.20957499999999998,Summer,2012,6,0,2,1,Clear
2012-06-06,1027,5516,6808.5,0.5541666666666667,0.5422916666666667,0.61125,0.077125,Summer,2012,6,0,3,1,Clear
2012-06-07,1038,5766,7058.5,0.6024999999999999,0.5694416666666666,0.5670833333333333,0.15735000000000002,Summer,2012,6,0,4,1,Clear
2012-06-08,1423,5827,7447.5,0.6491666666666667,0.5978625,0.4679166666666667,0.17538333333333334,Summer,2012,6,0,5,1,Clear
2012-06-09,1802,4790,7498.0,0.7108333333333333,0.6483666666666666,0.4370833333333333,0.14428749999999999,Summer,2012,6,0,6,0,Clear
2012-06-10,1674,4374,6598.0,0.7266666666666667,0.6635166666666666,0.5383333333333333,0.13372083333333332,Summer,2012,6,0,0,0,Clear
2012-06-11,1017,5082,6309.5,0.7208333333333333,0.6597208333333333,0.5879166666666666,0.2077125,Summer,2012,6,0,1,1,Clear
2012-06-12,477,4173,4923.0,0.6533333333333333,0.597875,0.8333333333333334,0.21454583333333332,Summer,2012,6,0,2,1,Misty
2012-06-13,1164,5602,7006.0,0.6558333333333334,0.6111166666666666,0.5820833333333333,0.34327916666666664,Summer,2012,6,0,3,1,Misty
2012-06-14,1177,5532,6881.5,0.6483333333333333,0.6243833333333333,0.5695833333333333,0.2537333333333333,Summer,2012,6,0,4,1,Clear
2012-06-15,1513,5720,7423.5,0.6391666666666667,0.5997541666666667,0.5895833333333333,0.17661666666666667,Summer,2012,6,0,5,1,Clear
2012-06-16,1714,4739,7702.0,0.6316666666666667,0.5947083333333333,0.5041666666666667,0.16666666666666666,Summer,2012,6,0,6,0,Clear
2012-06-17,1624,4344,6978.0,0.5925,0.571975,0.59875,0.14490416666666667,Summer,2012,6,0,0,0,Clear
2012-06-18,653,4180,5018.5,0.5683333333333334,0.5448416666666667,0.7779166666666666,0.17474583333333335,Summer,2012,6,0,1,1,Clear
2012-06-19,968,5292,6473.5,0.6883333333333334,0.6546916666666667,0.69,0.14801666666666666,Summer,2012,6,0,2,1,Misty
2012-06-20,872,5034,6132.5,0.7825000000000001,0.720975,0.5920833333333334,0.1138125,Summer,2012,6,0,3,1,Clear
2012-06-21,778,4964,5905.0,0.8058333333333333,0.7525416666666667,0.5679166666666666,0.1187875,Fall,2012,6,0,4,1,Clear
2012-06-22,964,4742,5819.5,0.7775,0.7241208333333332,0.57375,0.18284166666666668,Fall,2012,6,0,5,1,Misty
2012-06-23,1736,4801,7458.0,0.7316666666666666,0.6527916666666667,0.5345833333333333,0.17972083333333333,Fall,2012,6,0,6,0,Clear
2012-06-24,1655,4340,6891.0,0.7433333333333333,0.6742541666666666,0.4791666666666667,0.145525,Fall,2012,6,0,0,0,Clear
2012-06-25,1139,5125,6440.0,0.7158333333333333,0.6540416666666666,0.5041666666666667,0.30038333333333334,Fall,2012,6,0,1,1,Clear
2012-06-26,1077,5663,6989.5,0.6308333333333334,0.5947041666666667,0.37333333333333335,0.3476416666666667,Fall,2012,6,0,2,1,Clear
2012-06-27,1077,5625,6928.0,0.6974999999999999,0.6407916666666666,0.36000000000000004,0.27177500000000004,Fall,2012,6,0,3,1,Clear
2012-06-28,921,5647,6762.0,0.7491666666666666,0.6755125,0.42250000000000004,0.17165,Fall,2012,6,0,4,1,Clear
2012-06-29,829,4557,5463.0,0.8341666666666666,0.7866124999999999,0.48875,0.16541666666666668,Fall,2012,6,0,5,1,Clear
2012-06-30,1386,4232,5687.0,0.765,0.6875083333333333,0.60125,0.16107083333333333,Fall,2012,6,0,6,0,Light Snow/Rain
2012-07-01,1414,4110,5531.0,0.8158333333333333,0.7506291666666667,0.5187499999999999,0.16852916666666665,Fall,2012,7,0,0,0,Clear
2012-07-02,904,4938,6035.0,0.7816666666666666,0.7020375,0.44708333333333333,0.19526666666666667,Fall,2012,7,0,1,1,Misty
2012-07-03,1052,5339,6577.0,0.7808333333333333,0.7026499999999999,0.4920833333333334,0.1262375,Fall,2012,7,0,2,1,Clear
2012-07-04,1757,4841,7403.0,0.7891666666666667,0.7323375,0.53875,0.13495,Fall,2012,7,1,3,0,Clear
2012-07-05,1376,4733,6194.5,0.8275,0.7613666666666666,0.4579166666666667,0.19402916666666667,Fall,2012,7,0,4,1,Clear
2012-07-06,1366,4783,6207.0,0.8283333333333333,0.7525333333333334,0.45083333333333336,0.14614166666666667,Fall,2012,7,0,5,1,Clear
2012-07-07,1428,3392,4840.0,0.8616666666666667,0.8049125,0.4920833333333334,0.16355416666666667,Fall,2012,7,0,6,0,Clear
2012-07-08,1193,3469,4672.0,0.8225000000000001,0.7903958333333333,0.57375,0.12562916666666665,Fall,2012,7,0,0,0,Clear
2012-07-09,998,4994,6133.0,0.7108333333333333,0.6540541666666666,0.6833333333333332,0.180975,Fall,2012,7,0,1,1,Misty
2012-07-10,954,4700,5877.5,0.7208333333333333,0.6647958333333334,0.6675,0.1517375,Fall,2012,7,0,2,1,Clear
2012-07-11,975,5606,6873.5,0.7166666666666667,0.6502708333333332,0.6333333333333333,0.15173333333333333,Fall,2012,7,0,3,1,Misty
2012-07-12,1032,5782,7051.5,0.7158333333333333,0.6546833333333333,0.5295833333333333,0.14677500000000002,Fall,2012,7,0,4,1,Misty
2012-07-13,1470,5605,7236.0,0.7316666666666666,0.6679333333333334,0.48583333333333334,0.08084999999999999,Fall,2012,7,0,5,1,Misty
2012-07-14,1622,4614,6969.0,0.7033333333333333,0.6660416666666666,0.6991666666666667,0.14367916666666666,Fall,2012,7,0,6,0,Misty
2012-07-15,1579,4111,6031.0,0.7458333333333332,0.7051958333333334,0.7179166666666666,0.16666666666666666,Fall,2012,7,0,0,0,Clear
2012-07-16,1088,5250,6541.5,0.7633333333333333,0.724125,0.645,0.1641875,Fall,2012,7,0,1,1,Light Snow/Rain
2012-07-17,921,5356,6510.5,0.8183333333333334,0.7556833333333334,0.5058333333333334,0.11442916666666668,Fall,2012,7,0,2,1,Clear
2012-07-18,799,4708,5676.0,0.7933333333333333,0.7455833333333333,0.5770833333333333,0.13744166666666666,Fall,2012,7,0,3,1,Clear
2012-07-19,888,5213,6313.5,0.77,0.7146416666666666,0.6004166666666667,0.16542916666666665,Fall,2012,7,0,4,1,Clear
2012-07-20,747,4799,5749.0,0.6658333333333334,0.613025,0.8441666666666666,0.20896666666666666,Fall,2012,7,0,5,1,Light Snow/Rain
2012-07-21,1165,3195,4459.0,0.5958333333333333,0.5499124999999999,0.8654166666666666,0.21330000000000002,Fall,2012,7,0,6,0,Light Snow/Rain
2012-07-22,1657,4866,7410.0,0.6675,0.623125,0.7625000000000001,0.09392083333333334,Fall,2012,7,0,0,0,Misty
2012-07-23,1135,5205,6567.5,0.7416666666666667,0.6900166666666666,0.6941666666666667,0.13868333333333335,Fall,2012,7,0,1,1,Clear
2012-07-24,1140,5689,7030.5,0.7508333333333334,0.7064499999999999,0.655,0.2114541666666667,Fall,2012,7,0,2,1,Clear
2012-07-25,1365,5889,7453.0,0.7241666666666666,0.6540541666666666,0.45,0.1648,Fall,2012,7,0,3,1,Clear
2012-07-26,1036,5364,6633.5,0.7766666666666667,0.7392625,0.5966666666666667,0.28481249999999997,Fall,2012,7,0,4,1,Clear
2012-07-27,1259,5380,6814.0,0.7816666666666666,0.7342166666666667,0.5945833333333334,0.15299166666666666,Fall,2012,7,0,5,1,Clear
2012-07-28,1688,4451,6685.0,0.7558333333333334,0.6976041666666667,0.6133333333333333,0.15735000000000002,Fall,2012,7,0,6,0,Clear
2012-07-29,1611,4444,6597.0,0.7216666666666667,0.6679333333333334,0.62375,0.17039583333333333,Fall,2012,7,0,0,0,Clear
2012-07-30,1040,5257,6620.0,0.7308333333333333,0.6849875,0.6687500000000001,0.15361666666666665,Fall,2012,7,0,1,1,Clear
2012-07-31,968,5506,6706.5,0.7133333333333334,0.6628958333333334,0.7041666666666666,0.16542500000000002,Fall,2012,7,0,2,1,Clear
2012-08-01,1074,5769,7089.0,0.7174999999999999,0.6673083333333333,0.6775000000000001,0.14117916666666666,Fall,2012,8,0,3,1,Clear
2012-08-02,983,5591,6817.5,0.7525,0.7070875,0.6595833333333333,0.12935416666666666,Fall,2012,8,0,4,1,Clear
2012-08-03,1328,5489,7022.5,0.7658333333333333,0.7228666666666667,0.6425,0.2157916666666667,Fall,2012,8,0,5,1,Clear
2012-08-04,1730,4479,6824.0,0.7933333333333333,0.7512666666666666,0.6133333333333334,0.25745833333333334,Fall,2012,8,0,6,0,Clear
2012-08-05,1391,3757,5464.0,0.7691666666666667,0.7310791666666666,0.6525,0.2904208333333333,Fall,2012,8,0,0,0,Clear
2012-08-06,1233,5178,6597.0,0.7525,0.7102458333333334,0.6541666666666667,0.12935416666666666,Fall,2012,8,0,1,1,Misty
2012-08-07,1267,5367,6813.5,0.7358333333333333,0.6976208333333332,0.70375,0.11690833333333334,Fall,2012,8,0,2,1,Clear
2012-08-08,1255,5515,6961.0,0.75,0.7077166666666667,0.6729166666666666,0.1107,Fall,2012,8,0,3,1,Clear
2012-08-09,1196,5451,6894.5,0.7558333333333334,0.6995083333333333,0.6204166666666667,0.1561,Fall,2012,8,0,4,1,Clear
2012-08-10,1065,4548,5698.5,0.7158333333333333,0.6679416666666667,0.7158333333333333,0.2388125,Fall,2012,8,0,5,1,Clear
2012-08-11,1448,4052,6299.0,0.6925,0.6382666666666666,0.7329166666666667,0.20647916666666666,Fall,2012,8,0,6,0,Clear
2012-08-12,1541,4362,6544.0,0.7008333333333333,0.6445791666666666,0.5304166666666666,0.12251250000000001,Fall,2012,8,0,0,0,Misty
2012-08-13,1205,5100,6507.5,0.7208333333333333,0.6622541666666667,0.5454166666666667,0.1362125,Fall,2012,8,0,1,1,Clear
2012-08-14,1128,5037,6403.0,0.7266666666666667,0.6767791666666666,0.6866666666666666,0.16915833333333333,Fall,2012,8,0,2,1,Clear
2012-08-15,1188,5461,6887.0,0.7066666666666667,0.6540374999999999,0.6195833333333333,0.16977083333333334,Fall,2012,8,0,3,1,Clear
2012-08-16,1317,5566,7087.0,0.7191666666666667,0.6546875,0.5191666666666667,0.14179583333333332,Fall,2012,8,0,4,1,Clear
2012-08-17,1424,5329,6947.5,0.7233333333333333,0.24240000000000003,0.5708333333333333,0.23135416666666667,Fall,2012,8,0,5,1,Clear
2012-08-18,1642,5038,7852.0,0.6783333333333333,0.6180708333333332,0.6033333333333334,0.17786666666666665,Fall,2012,8,0,6,0,Misty
2012-08-19,1184,3341,4549.0,0.6358333333333334,0.6035541666666666,0.7116666666666666,0.08645000000000001,Fall,2012,8,0,0,0,Clear
2012-08-20,1026,4847,6094.5,0.6358333333333334,0.5959666666666666,0.7341666666666667,0.12997916666666667,Fall,2012,8,0,1,1,Misty
2012-08-21,1081,5407,6690.0,0.6491666666666667,0.601025,0.67375,0.07277083333333334,Fall,2012,8,0,2,1,Misty
2012-08-22,1094,5709,7096.5,0.6675,0.6218541666666667,0.6770833333333334,0.07028333333333332,Fall,2012,8,0,3,1,Clear
2012-08-23,1340,5679,7224.5,0.6958333333333333,0.6370083333333333,0.6358333333333334,0.08459583333333333,Fall,2012,8,0,4,1,Clear
2012-08-24,1322,5729,7217.5,0.7025,0.6470999999999999,0.615,0.07214583333333334,Fall,2012,8,0,5,1,Misty
2012-08-25,1469,4224,6053.0,0.6616666666666667,0.6186958333333333,0.7129166666666666,0.24440833333333334,Fall,2012,8,0,6,0,Misty
2012-08-26,1242,3772,5255.0,0.6533333333333333,0.5959958333333333,0.8458333333333333,0.22885833333333336,Fall,2012,8,0,0,0,Clear
2012-08-27,989,5260,6466.5,0.7033333333333333,0.6546875,0.7304166666666667,0.12873333333333334,Fall,2012,8,0,1,1,Clear
2012-08-28,935,5408,6592.5,0.7283333333333334,0.6660499999999999,0.62,0.190925,Fall,2012,8,0,2,1,Clear
2012-08-29,1166,5726,7134.0,0.685,0.6357333333333334,0.5520833333333334,0.11256250000000001,Fall,2012,8,0,3,1,Clear
2012-08-30,1172,5807,7189.5,0.7066666666666667,0.6527791666666666,0.5904166666666667,0.07711666666666667,Fall,2012,8,0,4,1,Clear
2012-08-31,1412,5762,7302.5,0.7641666666666667,0.6894,0.5875,0.16853333333333334,Fall,2012,8,0,5,1,Clear
2012-09-01,1469,3788,6140.0,0.7533333333333333,0.7026541666666667,0.6383333333333333,0.1131875,Fall,2012,9,0,6,0,Clear
2012-09-02,1622,3197,5810.0,0.6966666666666667,0.6489999999999999,0.815,0.06407083333333334,Fall,2012,9,0,0,0,Misty
2012-09-03,1447,4069,6034.0,0.7075,0.6616291666666666,0.7908333333333334,0.15112083333333334,Fall,2012,9,1,1,0,Misty
2012-09-04,867,5383,6454.0,0.7258333333333334,0.6868875,0.755,0.2363208333333333,Fall,2012,9,0,2,1,Misty
2012-09-05,832,5449,6593.0,0.7366666666666667,0.7089833333333333,0.74125,0.18780833333333333,Fall,2012,9,0,3,1,Clear
2012-09-06,611,4960,5841.5,0.6966666666666667,0.6553291666666666,0.8104166666666667,0.14242083333333333,Fall,2012,9,0,4,1,Misty
2012-09-07,1045,5885,7148.5,0.7033333333333333,0.6572041666666667,0.7362500000000001,0.17164583333333336,Fall,2012,9,0,5,1,Clear
2012-09-08,1066,4419,5899.0,0.6591666666666667,0.6111208333333333,0.7991666666666667,0.28110416666666665,Fall,2012,9,0,6,0,Clear
2012-09-09,1612,5646,7881.0,0.61,0.578925,0.5475,0.22449583333333334,Fall,2012,9,0,0,0,Misty
2012-09-10,1104,5543,6883.5,0.5833333333333334,0.5656541666666667,0.50375,0.2587125,Fall,2012,9,0,1,1,Clear
2012-09-11,1016,5809,7097.5,0.5775,0.5542916666666666,0.52,0.09205416666666666,Fall,2012,9,0,2,1,Clear
2012-09-12,1050,5801,7125.5,0.5991666666666667,0.570075,0.5770833333333333,0.13184583333333333,Fall,2012,9,0,3,1,Clear
2012-09-13,1054,5846,7206.0,0.6124999999999999,0.5795583333333333,0.6370833333333333,0.08272083333333334,Fall,2012,9,0,4,1,Clear
2012-09-14,1349,5963,7468.5,0.6333333333333334,0.5940833333333333,0.6725,0.10386250000000001,Fall,2012,9,0,5,1,Clear
2012-09-15,1656,5554,8278.0,0.6083333333333333,0.5858666666666666,0.5016666666666666,0.24752083333333333,Fall,2012,9,0,6,0,Clear
2012-09-16,1490,5167,7268.0,0.58,0.563125,0.57,0.09018333333333334,Fall,2012,9,0,0,0,Clear
2012-09-17,1007,5249,6497.5,0.5808333333333333,0.5530499999999999,0.7345833333333333,0.15174166666666666,Fall,2012,9,0,1,1,Clear
2012-09-18,371,3561,4043.5,0.6233333333333334,0.5650666666666667,0.8725,0.3575875,Fall,2012,9,0,2,1,Light Snow/Rain
2012-09-19,788,5853,6943.5,0.5525,0.5404041666666667,0.5366666666666667,0.215175,Fall,2012,9,0,3,1,Misty
2012-09-20,934,5816,6981.5,0.5466666666666667,0.5321916666666667,0.6183333333333333,0.11816666666666666,Fall,2012,9,0,4,1,Clear
2012-09-21,1250,6250,7686.5,0.5991666666666667,0.5719708333333333,0.6687500000000001,0.15422916666666667,Fall,2012,9,0,5,1,Clear
2012-09-22,1548,5883,8125.0,0.65,0.6104875,0.6466666666666666,0.28358333333333335,Fall,2012,9,0,6,0,Clear
2012-09-23,1502,5426,7561.5,0.5291666666666667,0.5189333333333334,0.46708333333333335,0.22325833333333334,Winter,2012,9,0,0,0,Clear
2012-09-24,1001,5597,6862.5,0.5141666666666667,0.5025125,0.49291666666666667,0.14240416666666667,Winter,2012,9,0,1,1,Clear
2012-09-25,845,5768,6871.5,0.5499999999999999,0.5441791666666667,0.57,0.23632083333333334,Winter,2012,9,0,2,1,Clear
2012-09-26,787,5830,6985.5,0.635,0.5966125,0.6308333333333334,0.24439999999999998,Winter,2012,9,0,3,1,Clear
2012-09-27,751,5666,6722.5,0.65,0.607975,0.6908333333333333,0.13434166666666666,Winter,2012,9,0,4,1,Clear
2012-09-28,1045,5877,7162.5,0.6191666666666666,0.5858625,0.69,0.16417916666666665,Winter,2012,9,0,5,1,Light Snow/Rain
2012-09-29,1557,5966,8110.5,0.5425,0.5302958333333333,0.5429166666666667,0.2276041666666667,Winter,2012,9,0,6,0,Clear
2012-09-30,1324,4874,6839.5,0.5266666666666667,0.5176625,0.5833333333333334,0.13495833333333332,Winter,2012,9,0,0,0,Clear
2012-10-01,763,5406,6423.0,0.5208333333333334,0.512,0.6491666666666667,0.09080416666666667,Winter,2012,10,0,1,1,Clear
2012-10-02,315,4006,4522.0,0.5908333333333333,0.5423333333333333,0.8716666666666666,0.104475,Winter,2012,10,0,2,1,Misty
2012-10-03,728,5921,6963.5,0.6575,0.5991333333333333,0.7937500000000001,0.06654583333333333,Winter,2012,10,0,3,1,Light Snow/Rain
2012-10-04,891,5622,6729.5,0.6575,0.607975,0.7229166666666668,0.11754583333333334,Winter,2012,10,0,4,1,Light Snow/Rain
2012-10-05,1347,5991,7637.5,0.615,0.5801875,0.6275000000000001,0.10635,Winter,2012,10,0,5,1,Clear
2012-10-06,1597,4934,7776.0,0.5541666666666667,0.5385208333333333,0.6641666666666667,0.268025,Winter,2012,10,0,6,0,Clear
2012-10-07,781,2729,3510.0,0.41583333333333333,0.4198125,0.7083333333333334,0.1411625,Winter,2012,10,0,0,0,Clear
2012-10-08,867,4604,5478.0,0.3833333333333333,0.38760833333333333,0.7095833333333333,0.18967916666666665,Winter,2012,10,1,1,0,Clear
2012-10-09,601,5099,6016.5,0.4466666666666667,0.43811249999999996,0.7616666666666667,0.1903,Winter,2012,10,0,2,1,Misty
2012-10-10,780,5923,6987.5,0.5141666666666667,0.5031416666666667,0.6308333333333334,0.18782083333333333,Winter,2012,10,0,3,1,Misty
2012-10-11,834,5932,7080.0,0.435,0.4311666666666667,0.4633333333333333,0.18159583333333332,Winter,2012,10,0,4,1,Clear
2012-10-12,1019,5736,6985.0,0.4375,0.43307083333333335,0.5391666666666667,0.23509166666666667,Winter,2012,10,0,5,1,Clear
2012-10-13,1380,4857,7081.5,0.3933333333333333,0.39139583333333333,0.4945833333333333,0.14614166666666667,Winter,2012,10,0,6,0,Clear
2012-10-14,1390,4559,6639.0,0.5216666666666666,0.5082041666666667,0.6404166666666666,0.2786125,Winter,2012,10,0,0,0,Clear
2012-10-15,760,4689,5657.0,0.5616666666666666,0.53915,0.7075,0.2960375,Winter,2012,10,0,1,1,Misty
2012-10-16,922,5697,6845.5,0.4683333333333333,0.46084583333333334,0.5583333333333333,0.18222083333333336,Winter,2012,10,0,2,1,Clear
2012-10-17,971,5640,6799.5,0.4558333333333333,0.45010833333333333,0.6929166666666666,0.10137083333333334,Winter,2012,10,0,3,1,Clear
2012-10-18,1008,5687,6924.5,0.5225000000000001,0.512625,0.7283333333333334,0.2369375,Winter,2012,10,0,4,1,Clear
2012-10-19,736,4671,5424.0,0.5633333333333334,0.5378958333333334,0.815,0.13495416666666668,Winter,2012,10,0,5,1,Misty
2012-10-20,1494,5284,7684.0,0.4841666666666667,0.47284166666666666,0.5729166666666666,0.1175375,Winter,2012,10,0,6,0,Clear
2012-10-21,1397,4692,6791.5,0.46416666666666667,0.45642916666666666,0.51,0.16605416666666667,Winter,2012,10,0,0,0,Clear
2012-10-22,830,5465,6549.5,0.4875,0.48294166666666666,0.5683333333333334,0.08148333333333334,Winter,2012,10,0,1,1,Clear
2012-10-23,841,5736,6868.5,0.5441666666666667,0.5303041666666667,0.6416666666666667,0.09454583333333333,Winter,2012,10,0,2,1,Clear
2012-10-24,795,5917,6998.5,0.5875,0.5587208333333333,0.63625,0.07277916666666666,Winter,2012,10,0,3,1,Clear
2012-10-25,875,5729,6812.5,0.55,0.5296875,0.8004166666666667,0.124375,Winter,2012,10,0,4,1,Misty
2012-10-26,1120,5769,7155.5,0.5458333333333333,0.5227499999999999,0.8070833333333334,0.13246666666666668,Winter,2012,10,0,5,1,Misty
2012-10-27,1455,5209,7533.0,0.53,0.5151333333333333,0.7200000000000001,0.23569166666666666,Winter,2012,10,0,6,0,Clear
2012-10-28,978,3461,4459.0,0.4775,0.4677708333333333,0.6945833333333332,0.39800833333333335,Winter,2012,10,0,0,0,Light Snow/Rain
2012-10-29,2,20,22.0,0.44,0.4394,0.88,0.3582,Winter,2012,10,0,1,1,Light Snow/Rain
2012-10-30,87,1009,1096.0,0.3181818181818182,0.3099090909090909,0.8254545454545454,0.21300909090909093,Winter,2012,10,0,2,1,Light Snow/Rain
2012-10-31,419,4789,5485.5,0.3575,0.3611,0.6666666666666666,0.16666666666666666,Winter,2012,10,0,3,1,Misty
2012-11-01,466,5069,5866.5,0.3658333333333333,0.36994166666666667,0.5816666666666667,0.15734583333333332,Winter,2012,11,0,4,1,Clear
2012-11-02,618,4990,5802.5,0.355,0.35604166666666665,0.5220833333333333,0.266175,Winter,2012,11,0,5,1,Clear
2012-11-03,1004,4109,5138.0,0.3433333333333333,0.32384583333333333,0.49124999999999996,0.27052916666666665,Winter,2012,11,0,6,0,Clear
2012-11-04,1062,3906,5107.0,0.32583333333333336,0.3295375,0.5329166666666667,0.17910833333333334,Winter,2012,11,0,0,0,Clear
2012-11-05,378,4622,5253.5,0.31916666666666665,0.308075,0.4941666666666667,0.236325,Winter,2012,11,0,1,1,Misty
2012-11-06,466,5053,5686.0,0.2808333333333333,0.2815666666666667,0.5670833333333333,0.1735125,Winter,2012,11,0,2,1,Clear
2012-11-07,326,4623,5035.0,0.29583333333333334,0.2746208333333333,0.5475,0.30410833333333337,Winter,2012,11,0,3,1,Misty
2012-11-08,340,4765,5289.5,0.3521739130434782,0.3418913043478261,0.3334782608695652,0.34783478260869566,Winter,2012,11,0,4,1,Light Snow/Rain
2012-11-09,709,5020,5930.0,0.36166666666666664,0.35541249999999996,0.5408333333333334,0.21455833333333332,Winter,2012,11,0,5,1,Clear
2012-11-10,1313,4446,6527.5,0.38916666666666666,0.3939375,0.6454166666666666,0.05784583333333334,Winter,2012,11,0,6,0,Clear
2012-11-11,1425,4562,6705.0,0.42083333333333334,0.4217125,0.6591666666666667,0.1275,Winter,2012,11,0,0,0,Clear
2012-11-12,1077,5141,6269.0,0.48500000000000004,0.4753833333333333,0.7416666666666667,0.17351666666666665,Winter,2012,11,1,1,0,Clear
2012-11-13,327,3676,4094.0,0.3433333333333333,0.323225,0.6629166666666667,0.3420458333333333,Winter,2012,11,0,2,1,Misty
2012-11-14,373,4848,5446.5,0.2891666666666667,0.2815625,0.5520833333333334,0.19962500000000002,Winter,2012,11,0,3,1,Clear
2012-11-15,320,4893,5441.5,0.32166666666666666,0.3244916666666667,0.6204166666666667,0.1529875,Winter,2012,11,0,4,1,Misty
2012-11-16,484,4979,5629.5,0.345,0.3472041666666667,0.5245833333333333,0.17102499999999998,Winter,2012,11,0,5,1,Misty
2012-11-17,1093,4316,5629.0,0.325,0.3263833333333333,0.5454166666666667,0.1797291666666667,Winter,2012,11,0,6,0,Clear
2012-11-18,911,3747,4669.0,0.3425,0.33774583333333336,0.6929166666666666,0.2276125,Winter,2012,11,0,0,0,Misty
2012-11-19,449,4752,5478.5,0.38083333333333336,0.3756208333333333,0.6233333333333334,0.23506666666666665,Winter,2012,11,0,1,1,Clear
2012-11-20,534,4861,5611.5,0.3741666666666667,0.38066666666666665,0.685,0.082725,Winter,2012,11,0,2,1,Clear
2012-11-21,615,4491,5146.0,0.35333333333333333,0.36489166666666667,0.61375,0.10324583333333333,Winter,2012,11,0,3,1,Clear
2012-11-22,912,1470,2425.0,0.34,0.3503708333333333,0.5804166666666667,0.05287083333333333,Winter,2012,11,1,4,0,Clear
2012-11-23,1122,2307,3910.0,0.36833333333333335,0.37877916666666667,0.56875,0.14802083333333335,Winter,2012,11,0,5,1,Clear
2012-11-24,532,1745,2277.0,0.2783333333333333,0.24874166666666667,0.4045833333333333,0.3768708333333333,Winter,2012,11,0,6,0,Clear
2012-11-25,309,2115,2424.0,0.24583333333333335,0.25758333333333333,0.4683333333333333,0.1505,Winter,2012,11,0,0,0,Clear
2012-11-26,337,4576,5087.0,0.31333333333333335,0.3390041666666667,0.5354166666666667,0.04665,Winter,2012,11,0,1,1,Clear
2012-11-27,123,3821,3959.0,0.2916666666666667,0.2815583333333333,0.7866666666666666,0.2375625,Winter,2012,11,0,2,1,Misty
2012-11-28,198,4800,5210.5,0.2966666666666667,0.2897625,0.50625,0.21082083333333335,Winter,2012,11,0,3,1,Misty
2012-11-29,243,4849,5286.5,0.2808695652173913,0.2984217391304348,0.5556521739130434,0.11552173913043479,Winter,2012,11,0,4,1,Clear
2012-11-30,362,5044,5581.5,0.29833333333333334,0.3238666666666667,0.6495833333333333,0.05847083333333333,Winter,2012,11,0,5,1,Clear
2012-12-01,937,4240,5191.0,0.29833333333333334,0.31690416666666665,0.8066666666666666,0.05970416666666667,Winter,2012,12,0,6,0,Clear
2012-12-02,864,3757,4649.0,0.3475,0.35920833333333335,0.8233333333333334,0.12437916666666667,Winter,2012,12,0,0,0,Misty
2012-12-03,555,5133,6030.5,0.45249999999999996,0.45579583333333334,0.7675000000000001,0.08272083333333334,Winter,2012,12,0,1,1,Misty
2012-12-04,551,5459,6338.5,0.47583333333333333,0.4690541666666667,0.73375,0.17412916666666667,Winter,2012,12,0,2,1,Clear
2012-12-05,331,5002,5612.5,0.4383333333333333,0.42801249999999996,0.48500000000000004,0.32402083333333337,Winter,2012,12,0,3,1,Clear
2012-12-06,340,4758,5358.5,0.2558333333333333,0.2582041666666667,0.50875,0.17475416666666665,Winter,2012,12,0,4,1,Clear
2012-12-07,349,4619,5008.0,0.32083333333333336,0.3219583333333333,0.7641666666666667,0.1306,Winter,2012,12,0,5,1,Clear
2012-12-08,983,4429,5582.0,0.38166666666666665,0.38950833333333335,0.91125,0.10137916666666667,Winter,2012,12,0,6,0,Misty
2012-12-09,441,2787,3228.0,0.3841666666666667,0.39014583333333336,0.9054166666666666,0.157975,Winter,2012,12,0,0,0,Misty
2012-12-10,329,4641,5170.0,0.43583333333333335,0.435575,0.9249999999999999,0.19030833333333333,Winter,2012,12,0,1,1,Light Snow/Rain
2012-12-11,282,4905,5419.5,0.35333333333333333,0.33836249999999995,0.5966666666666667,0.2960375,Winter,2012,12,0,2,1,Light Snow/Rain
2012-12-12,310,4781,5273.5,0.29750000000000004,0.2973375,0.5383333333333333,0.16293749999999999,Winter,2012,12,0,3,1,Clear
2012-12-13,425,4943,5495.5,0.29583333333333334,0.2941875,0.48583333333333334,0.17412916666666667,Winter,2012,12,0,4,1,Misty
2012-12-14,429,4975,5611.0,0.2816666666666667,0.2941916666666667,0.6429166666666667,0.13122916666666667,Winter,2012,12,0,5,1,Clear
2012-12-15,767,4280,5047.0,0.32416666666666666,0.3383833333333333,0.6504166666666666,0.10635,Winter,2012,12,0,6,0,Clear
2012-12-16,538,3248,3786.0,0.3625,0.3699375,0.83875,0.10074166666666667,Winter,2012,12,0,0,0,Misty
2012-12-17,212,4290,4585.0,0.3933333333333333,0.40149999999999997,0.9070833333333334,0.09825833333333334,Winter,2012,12,0,1,1,Misty
2012-12-18,433,4924,5537.5,0.41083333333333333,0.40970833333333334,0.66625,0.22140416666666665,Winter,2012,12,0,2,1,Misty
2012-12-19,333,4684,5231.5,0.3325,0.3421625,0.6254166666666666,0.18409166666666665,Winter,2012,12,0,3,1,Clear
2012-12-20,314,3728,4128.0,0.33,0.33521666666666666,0.6679166666666667,0.1324625,Winter,2012,12,0,4,1,Clear
2012-12-21,221,3402,3623.0,0.32666666666666666,0.3017666666666667,0.5566666666666666,0.37438333333333335,Spring,2012,12,0,5,1,Light Snow/Rain
2012-12-22,205,1544,1749.0,0.2658333333333333,0.23611250000000003,0.44125,0.4073458333333333,Spring,2012,12,0,6,0,Clear
2012-12-23,408,1379,1787.0,0.24583333333333335,0.2594708333333333,0.5154166666666666,0.13308333333333333,Spring,2012,12,0,0,0,Clear
2012-12-24,174,746,920.0,0.23130434782608697,0.2589,0.7913043478260869,0.0772304347826087,Spring,2012,12,0,1,1,Clear
2012-12-25,440,573,1013.0,0.29130434782608694,0.2944652173913043,0.7347826086956522,0.16872608695652175,Spring,2012,12,1,2,0,Light Snow/Rain
2012-12-26,9,432,441.0,0.24333333333333332,0.22033333333333335,0.8233333333333334,0.31654583333333336,Spring,2012,12,0,3,1,Misty
2012-12-27,247,1867,2114.0,0.25416666666666665,0.22664166666666666,0.6529166666666667,0.35013333333333335,Spring,2012,12,0,4,1,Light Snow/Rain
2012-12-28,644,2451,3095.0,0.25333333333333335,0.25504583333333336,0.59,0.15547083333333334,Spring,2012,12,0,5,1,Misty
2012-12-29,159,1182,1341.0,0.25333333333333335,0.24240000000000003,0.7529166666666667,0.12438333333333333,Spring,2012,12,0,6,0,Misty
2012-12-30,364,1432,1796.0,0.25583333333333336,0.23170000000000002,0.48333333333333334,0.35075416666666664,Spring,2012,12,0,0,0,Misty
2012-12-31,439,2290,2729.0,0.21583333333333332,0.22348749999999998,0.5775,0.15484583333333332,Spring,2012,12,0,1,1,Clear
